label_name,bbox_x,bbox_y,bbox_width,bbox_height,image_name,image_width,image_height
fuselage,92,412,1083,103,aircraft_fewshot_1_bs_16_00000.jpg,1200,882
derive,65,215,224,194,aircraft_fewshot_1_bs_16_00000.jpg,1200,882
cockpit,1097,428,67,28,aircraft_fewshot_1_bs_16_00000.jpg,1200,882
réacteur,500,471,147,35,aircraft_fewshot_1_bs_16_00000.jpg,1200,882
réacteur,639,478,142,50,aircraft_fewshot_1_bs_16_00000.jpg,1200,882
train,575,508,73,41,aircraft_fewshot_1_bs_16_00000.jpg,1200,882
train,1039,508,46,43,aircraft_fewshot_1_bs_16_00000.jpg,1200,882
porte,990,431,25,40,aircraft_fewshot_1_bs_16_00000.jpg,1200,882
porte,727,432,17,28,aircraft_fewshot_1_bs_16_00000.jpg,1200,882
porte,673,432,20,28,aircraft_fewshot_1_bs_16_00000.jpg,1200,882
porte,304,437,23,38,aircraft_fewshot_1_bs_16_00000.jpg,1200,882
fuselage,66,234,894,99,aircraft_fewshot_1_bs_16_00001.jpg,1024,594
derive,767,70,214,159,aircraft_fewshot_1_bs_16_00001.jpg,1024,594
cockpit,58,256,49,13,aircraft_fewshot_1_bs_16_00001.jpg,1024,594
porte,117,242,32,48,aircraft_fewshot_1_bs_16_00001.jpg,1024,594
porte,382,247,22,36,aircraft_fewshot_1_bs_16_00001.jpg,1024,594
porte,423,247,27,35,aircraft_fewshot_1_bs_16_00001.jpg,1024,594
porte,563,248,22,43,aircraft_fewshot_1_bs_16_00001.jpg,1024,594
porte,757,238,29,51,aircraft_fewshot_1_bs_16_00001.jpg,1024,594
réacteur,303,286,93,41,aircraft_fewshot_1_bs_16_00001.jpg,1024,594
réacteur,362,280,135,33,aircraft_fewshot_1_bs_16_00001.jpg,1024,594
train,455,322,120,29,aircraft_fewshot_1_bs_16_00001.jpg,1024,594
train,132,317,32,34,aircraft_fewshot_1_bs_16_00001.jpg,1024,594
fuselage,17,294,984,116,aircraft_fewshot_1_bs_16_00002.jpg,1024,695
derive,821,128,175,192,aircraft_fewshot_1_bs_16_00002.jpg,1024,695
cockpit,32,313,75,33,aircraft_fewshot_1_bs_16_00002.jpg,1024,695
porte,128,310,37,48,aircraft_fewshot_1_bs_16_00002.jpg,1024,695
réacteur,500,366,135,41,aircraft_fewshot_1_bs_16_00002.jpg,1024,695
réacteur,669,345,130,38,aircraft_fewshot_1_bs_16_00002.jpg,1024,695
réacteur,285,405,126,13,aircraft_fewshot_1_bs_16_00002.jpg,1024,695
train,103,399,64,48,aircraft_fewshot_1_bs_16_00002.jpg,1024,695
train,473,406,156,53,aircraft_fewshot_1_bs_16_00002.jpg,1024,695
fuselage,84,318,1043,176,aircraft_fewshot_1_bs_16_00003.jpg,1200,765
fuselage,0,238,434,82,aircraft_fewshot_1_bs_16_00003.jpg,1200,765
fuselage,724,215,476,64,aircraft_fewshot_1_bs_16_00003.jpg,1200,765
derive,264,99,158,136,aircraft_fewshot_1_bs_16_00003.jpg,1200,765
derive,982,96,163,224,aircraft_fewshot_1_bs_16_00003.jpg,1200,765
cockpit,46,361,119,68,aircraft_fewshot_1_bs_16_00003.jpg,1200,765
cockpit,712,229,60,19,aircraft_fewshot_1_bs_16_00003.jpg,1200,765
porte,181,364,56,81,aircraft_fewshot_1_bs_16_00003.jpg,1200,765
porte,249,244,35,45,aircraft_fewshot_1_bs_16_00003.jpg,1200,765
porte,783,222,22,39,aircraft_fewshot_1_bs_16_00003.jpg,1200,765
porte,974,334,31,65,aircraft_fewshot_1_bs_16_00003.jpg,1200,765
réacteur,9,291,107,28,aircraft_fewshot_1_bs_16_00003.jpg,1200,765
réacteur,723,455,171,56,aircraft_fewshot_1_bs_16_00003.jpg,1200,765
réacteur,979,435,191,66,aircraft_fewshot_1_bs_16_00003.jpg,1200,765
train,133,493,89,57,aircraft_fewshot_1_bs_16_00003.jpg,1200,765
train,543,469,86,37,aircraft_fewshot_1_bs_16_00003.jpg,1200,765
train,694,478,30,40,aircraft_fewshot_1_bs_16_00003.jpg,1200,765
fuselage,104,308,606,112,aircraft_fewshot_1_bs_16_00004.jpg,1024,701
derive,629,157,92,155,aircraft_fewshot_1_bs_16_00004.jpg,1024,701
cockpit,82,340,109,29,aircraft_fewshot_1_bs_16_00004.jpg,1024,701
porte,204,330,23,55,aircraft_fewshot_1_bs_16_00004.jpg,1024,701
porte,625,318,24,47,aircraft_fewshot_1_bs_16_00004.jpg,1024,701
réacteur,541,391,90,33,aircraft_fewshot_1_bs_16_00004.jpg,1024,701
réacteur,711,378,91,37,aircraft_fewshot_1_bs_16_00004.jpg,1024,701
train,177,419,36,32,aircraft_fewshot_1_bs_16_00004.jpg,1024,701
train,362,407,57,26,aircraft_fewshot_1_bs_16_00004.jpg,1024,701
train,480,393,48,46,aircraft_fewshot_1_bs_16_00004.jpg,1024,701
fuselage,122,365,1066,114,aircraft_fewshot_1_bs_16_00005.jpg,1200,812
derive,114,188,232,182,aircraft_fewshot_1_bs_16_00005.jpg,1200,812
cockpit,1096,389,72,40,aircraft_fewshot_1_bs_16_00005.jpg,1200,812
porte,356,388,22,42,aircraft_fewshot_1_bs_16_00005.jpg,1200,812
porte,1018,395,27,44,aircraft_fewshot_1_bs_16_00005.jpg,1200,812
réacteur,552,392,218,67,aircraft_fewshot_1_bs_16_00005.jpg,1200,812
réacteur,704,427,172,50,aircraft_fewshot_1_bs_16_00005.jpg,1200,812
train,616,471,78,36,aircraft_fewshot_1_bs_16_00005.jpg,1200,812
train,1052,471,37,35,aircraft_fewshot_1_bs_16_00005.jpg,1200,812
fuselage,118,218,537,103,aircraft_fewshot_1_bs_16_00006.jpg,1024,710
fuselage,375,312,562,135,aircraft_fewshot_1_bs_16_00006.jpg,1024,710
derive,572,35,100,191,aircraft_fewshot_1_bs_16_00006.jpg,1024,710
derive,362,146,102,176,aircraft_fewshot_1_bs_16_00006.jpg,1024,710
cockpit,132,255,84,31,aircraft_fewshot_1_bs_16_00006.jpg,1024,710
cockpit,842,367,87,34,aircraft_fewshot_1_bs_16_00006.jpg,1024,710
porte,217,260,25,43,aircraft_fewshot_1_bs_16_00006.jpg,1024,710
porte,434,349,16,34,aircraft_fewshot_1_bs_16_00006.jpg,1024,710
porte,770,374,18,45,aircraft_fewshot_1_bs_16_00006.jpg,1024,710
réacteur,552,154,150,60,aircraft_fewshot_1_bs_16_00006.jpg,1024,710
réacteur,210,393,88,43,aircraft_fewshot_1_bs_16_00006.jpg,1024,710
réacteur,394,413,95,41,aircraft_fewshot_1_bs_16_00006.jpg,1024,710
réacteur,918,386,76,36,aircraft_fewshot_1_bs_16_00006.jpg,1024,710
train,497,419,76,48,aircraft_fewshot_1_bs_16_00006.jpg,1024,710
train,343,345,59,30,aircraft_fewshot_1_bs_16_00006.jpg,1024,710
fuselage,53,202,620,81,aircraft_fewshot_1_bs_16_00007.jpg,800,504
fuselage,2,228,33,53,aircraft_fewshot_1_bs_16_00007.jpg,800,504
derive,96,127,83,79,aircraft_fewshot_1_bs_16_00007.jpg,800,504
derive,577,75,91,125,aircraft_fewshot_1_bs_16_00007.jpg,800,504
cockpit,38,221,60,20,aircraft_fewshot_1_bs_16_00007.jpg,800,504
cockpit,779,178,21,27,aircraft_fewshot_1_bs_16_00007.jpg,800,504
porte,107,213,24,40,aircraft_fewshot_1_bs_16_00007.jpg,800,504
porte,577,209,19,27,aircraft_fewshot_1_bs_16_00007.jpg,800,504
réacteur,387,256,106,26,aircraft_fewshot_1_bs_16_00007.jpg,800,504
réacteur,525,240,104,29,aircraft_fewshot_1_bs_16_00007.jpg,800,504
réacteur,0,263,53,26,aircraft_fewshot_1_bs_16_00007.jpg,800,504
train,77,278,51,31,aircraft_fewshot_1_bs_16_00007.jpg,800,504
train,325,280,55,25,aircraft_fewshot_1_bs_16_00007.jpg,800,504
train,399,283,52,21,aircraft_fewshot_1_bs_16_00007.jpg,800,504
fuselage,103,485,1480,140,aircraft_fewshot_1_bs_16_00008.jpg,1600,1079
derive,61,252,316,235,aircraft_fewshot_1_bs_16_00008.jpg,1600,1079
cockpit,1464,506,86,49,aircraft_fewshot_1_bs_16_00008.jpg,1600,1079
porte,397,515,39,53,aircraft_fewshot_1_bs_16_00008.jpg,1600,1079
porte,1321,517,27,48,aircraft_fewshot_1_bs_16_00008.jpg,1600,1079
réacteur,655,480,212,62,aircraft_fewshot_1_bs_16_00008.jpg,1600,1079
réacteur,829,535,204,56,aircraft_fewshot_1_bs_16_00008.jpg,1600,1079
réacteur,848,623,194,48,aircraft_fewshot_1_bs_16_00008.jpg,1600,1079
train,768,601,77,65,aircraft_fewshot_1_bs_16_00008.jpg,1600,1079
train,770,665,92,36,aircraft_fewshot_1_bs_16_00008.jpg,1600,1079
train,1388,617,40,61,aircraft_fewshot_1_bs_16_00008.jpg,1600,1079
fuselage,112,303,871,119,aircraft_fewshot_1_bs_16_00009.jpg,1200,774
fuselage,1,244,250,72,aircraft_fewshot_1_bs_16_00009.jpg,1200,774
derive,148,114,119,128,aircraft_fewshot_1_bs_16_00009.jpg,1200,774
derive,831,135,150,169,aircraft_fewshot_1_bs_16_00009.jpg,1200,774
cockpit,137,352,77,37,aircraft_fewshot_1_bs_16_00009.jpg,1200,774
porte,228,346,47,55,aircraft_fewshot_1_bs_16_00009.jpg,1200,774
porte,851,312,20,48,aircraft_fewshot_1_bs_16_00009.jpg,1200,774
porte,146,251,20,38,aircraft_fewshot_1_bs_16_00009.jpg,1200,774
réacteur,41,304,94,46,aircraft_fewshot_1_bs_16_00009.jpg,1200,774
réacteur,634,399,137,59,aircraft_fewshot_1_bs_16_00009.jpg,1200,774
réacteur,837,394,133,56,aircraft_fewshot_1_bs_16_00009.jpg,1200,774
fuselage,18,327,874,88,aircraft_fewshot_1_bs_16_00010.jpg,1024,695
derive,0,198,89,118,aircraft_fewshot_1_bs_16_00010.jpg,1024,695
derive,564,258,149,71,aircraft_fewshot_1_bs_16_00010.jpg,1024,695
derive,761,190,144,145,aircraft_fewshot_1_bs_16_00010.jpg,1024,695
cockpit,41,349,53,19,aircraft_fewshot_1_bs_16_00010.jpg,1024,695
porte,115,336,29,48,aircraft_fewshot_1_bs_16_00010.jpg,1024,695
porte,763,343,22,34,aircraft_fewshot_1_bs_16_00010.jpg,1024,695
réacteur,433,393,165,45,aircraft_fewshot_1_bs_16_00010.jpg,1024,695
réacteur,598,387,165,36,aircraft_fewshot_1_bs_16_00010.jpg,1024,695
train,116,420,40,36,aircraft_fewshot_1_bs_16_00010.jpg,1024,695
fuselage,54,296,936,89,aircraft_fewshot_1_bs_16_00030.jpg,1000,679
derive,42,135,196,168,aircraft_fewshot_1_bs_16_00030.jpg,1000,679
cockpit,938,322,40,25,aircraft_fewshot_1_bs_16_00030.jpg,1000,679
porte,256,323,17,32,aircraft_fewshot_1_bs_16_00030.jpg,1000,679
porte,865,329,18,32,aircraft_fewshot_1_bs_16_00030.jpg,1000,679
réacteur,475,349,222,57,aircraft_fewshot_1_bs_16_00030.jpg,1000,679
réacteur,694,362,84,48,aircraft_fewshot_1_bs_16_00030.jpg,1000,679
train,520,404,59,33,aircraft_fewshot_1_bs_16_00030.jpg,1000,679
train,325,393,63,16,aircraft_fewshot_1_bs_16_00030.jpg,1000,679
train,881,385,37,28,aircraft_fewshot_1_bs_16_00030.jpg,1000,679
fuselage,226,315,758,126,aircraft_fewshot_1_bs_16_00031.jpg,1000,678
derive,209,139,157,182,aircraft_fewshot_1_bs_16_00031.jpg,1000,678
cockpit,892,351,85,37,aircraft_fewshot_1_bs_16_00031.jpg,1000,678
derive,902,166,52,86,aircraft_fewshot_1_bs_16_00031.jpg,1000,678
porte,342,345,14,28,aircraft_fewshot_1_bs_16_00031.jpg,1000,678
porte,811,358,15,35,aircraft_fewshot_1_bs_16_00031.jpg,1000,678
réacteur,216,373,121,33,aircraft_fewshot_1_bs_16_00031.jpg,1000,678
réacteur,404,395,114,37,aircraft_fewshot_1_bs_16_00031.jpg,1000,678
train,869,430,45,36,aircraft_fewshot_1_bs_16_00031.jpg,1000,678
train,601,430,75,28,aircraft_fewshot_1_bs_16_00031.jpg,1000,678
fuselage,152,286,919,98,aircraft_fewshot_1_bs_16_00032.jpg,1200,811
derive,915,118,173,172,aircraft_fewshot_1_bs_16_00032.jpg,1200,811
cockpit,171,308,43,28,aircraft_fewshot_1_bs_16_00032.jpg,1200,811
porte,235,301,18,50,aircraft_fewshot_1_bs_16_00032.jpg,1200,811
réacteur,387,355,42,44,aircraft_fewshot_1_bs_16_00032.jpg,1200,811
réacteur,427,359,136,39,aircraft_fewshot_1_bs_16_00032.jpg,1200,811
train,244,377,50,36,aircraft_fewshot_1_bs_16_00032.jpg,1200,811
train,566,388,62,35,aircraft_fewshot_1_bs_16_00032.jpg,1200,811
train,627,384,63,28,aircraft_fewshot_1_bs_16_00032.jpg,1200,811
fuselage,128,272,642,69,aircraft_fewshot_1_bs_16_00033.jpg,800,580
fuselage,376,111,36,20,aircraft_fewshot_1_bs_16_00033.jpg,800,580
derive,48,193,194,73,aircraft_fewshot_1_bs_16_00033.jpg,800,580
derive,249,213,63,35,aircraft_fewshot_1_bs_16_00033.jpg,800,580
cockpit,94,260,32,16,aircraft_fewshot_1_bs_16_00033.jpg,800,580
cockpit,699,296,45,21,aircraft_fewshot_1_bs_16_00033.jpg,800,580
porte,302,280,16,32,aircraft_fewshot_1_bs_16_00033.jpg,800,580
porte,651,291,17,32,aircraft_fewshot_1_bs_16_00033.jpg,800,580
réacteur,204,282,90,22,aircraft_fewshot_1_bs_16_00033.jpg,800,580
réacteur,194,239,103,28,aircraft_fewshot_1_bs_16_00033.jpg,800,580
train,373,335,38,25,aircraft_fewshot_1_bs_16_00033.jpg,800,580
train,673,343,24,23,aircraft_fewshot_1_bs_16_00033.jpg,800,580
fuselage,6,293,850,123,aircraft_fewshot_1_bs_16_00034.jpg,1000,678
derive,650,247,335,115,aircraft_fewshot_1_bs_16_00034.jpg,1000,678
cockpit,32,310,50,28,aircraft_fewshot_1_bs_16_00034.jpg,1000,678
porte,101,310,24,41,aircraft_fewshot_1_bs_16_00034.jpg,1000,678
réacteur,641,294,140,41,aircraft_fewshot_1_bs_16_00034.jpg,1000,678
réacteur,649,344,127,45,aircraft_fewshot_1_bs_16_00034.jpg,1000,678
train,75,376,48,38,aircraft_fewshot_1_bs_16_00034.jpg,1000,678
train,491,400,28,50,aircraft_fewshot_1_bs_16_00034.jpg,1000,678
fuselage,261,315,728,89,aircraft_fewshot_1_bs_16_00035.jpg,1000,678
derive,51,210,347,102,aircraft_fewshot_1_bs_16_00035.jpg,1000,678
cockpit,926,335,56,25,aircraft_fewshot_1_bs_16_00035.jpg,1000,678
porte,589,335,18,35,aircraft_fewshot_1_bs_16_00035.jpg,1000,678
porte,625,334,18,38,aircraft_fewshot_1_bs_16_00035.jpg,1000,678
réacteur,269,266,129,41,aircraft_fewshot_1_bs_16_00035.jpg,1000,678
fuselage,160,331,1018,139,aircraft_fewshot_1_bs_16_00036.jpg,1200,832
derive,53,281,328,109,aircraft_fewshot_1_bs_16_00036.jpg,1200,832
cockpit,1085,347,59,25,aircraft_fewshot_1_bs_16_00036.jpg,1200,832
réacteur,286,380,142,54,aircraft_fewshot_1_bs_16_00036.jpg,1200,832
réacteur,305,333,139,40,aircraft_fewshot_1_bs_16_00036.jpg,1200,832
train,577,440,55,73,aircraft_fewshot_1_bs_16_00036.jpg,1200,832
train,1045,416,44,47,aircraft_fewshot_1_bs_16_00036.jpg,1200,832
fuselage,250,291,623,90,aircraft_fewshot_1_bs_16_00037.jpg,1000,678
fuselage,27,321,235,74,aircraft_fewshot_1_bs_16_00037.jpg,1000,678
derive,342,229,67,71,aircraft_fewshot_1_bs_16_00037.jpg,1000,678
derive,749,218,160,107,aircraft_fewshot_1_bs_16_00037.jpg,1000,678
cockpit,38,337,53,19,aircraft_fewshot_1_bs_16_00037.jpg,1000,678
cockpit,266,309,63,26,aircraft_fewshot_1_bs_16_00037.jpg,1000,678
porte,343,311,24,34,aircraft_fewshot_1_bs_16_00037.jpg,1000,678
porte,101,332,19,39,aircraft_fewshot_1_bs_16_00037.jpg,1000,678
porte,711,320,21,31,aircraft_fewshot_1_bs_16_00037.jpg,1000,678
réacteur,693,262,97,37,aircraft_fewshot_1_bs_16_00037.jpg,1000,678
réacteur,744,312,81,39,aircraft_fewshot_1_bs_16_00037.jpg,1000,678
réacteur,224,368,89,25,aircraft_fewshot_1_bs_16_00037.jpg,1000,678
train,312,374,29,37,aircraft_fewshot_1_bs_16_00037.jpg,1000,678
train,63,378,27,29,aircraft_fewshot_1_bs_16_00037.jpg,1000,678
train,547,382,75,24,aircraft_fewshot_1_bs_16_00037.jpg,1000,678
train,641,382,41,25,aircraft_fewshot_1_bs_16_00037.jpg,1000,678
fuselage,9,316,841,125,aircraft_fewshot_1_bs_16_00038.jpg,1000,678
derive,639,158,343,167,aircraft_fewshot_1_bs_16_00038.jpg,1000,678
cockpit,19,346,36,26,aircraft_fewshot_1_bs_16_00038.jpg,1000,678
porte,58,333,24,58,aircraft_fewshot_1_bs_16_00038.jpg,1000,678
porte,543,339,16,54,aircraft_fewshot_1_bs_16_00038.jpg,1000,678
réacteur,545,335,154,53,aircraft_fewshot_1_bs_16_00038.jpg,1000,678
réacteur,598,260,151,25,aircraft_fewshot_1_bs_16_00038.jpg,1000,678
train,73,426,50,41,aircraft_fewshot_1_bs_16_00038.jpg,1000,678
train,379,436,71,57,aircraft_fewshot_1_bs_16_00038.jpg,1000,678
train,509,435,74,49,aircraft_fewshot_1_bs_16_00038.jpg,1000,678
fuselage,159,318,815,85,aircraft_fewshot_1_bs_16_00039.jpg,1000,688
derive,60,220,302,100,aircraft_fewshot_1_bs_16_00039.jpg,1000,688
cockpit,896,332,45,37,aircraft_fewshot_1_bs_16_00039.jpg,1000,688
porte,397,334,18,33,aircraft_fewshot_1_bs_16_00039.jpg,1000,688
porte,835,341,19,33,aircraft_fewshot_1_bs_16_00039.jpg,1000,688
réacteur,257,334,125,32,aircraft_fewshot_1_bs_16_00039.jpg,1000,688
réacteur,270,269,116,42,aircraft_fewshot_1_bs_16_00039.jpg,1000,688
train,481,397,54,32,aircraft_fewshot_1_bs_16_00039.jpg,1000,688
train,858,397,29,28,aircraft_fewshot_1_bs_16_00039.jpg,1000,688
fuselage,9,296,862,101,aircraft_fewshot_1_bs_16_00040.jpg,1000,679
derive,711,230,248,119,aircraft_fewshot_1_bs_16_00040.jpg,1000,679
cockpit,32,312,54,28,aircraft_fewshot_1_bs_16_00040.jpg,1000,679
porte,113,312,18,40,aircraft_fewshot_1_bs_16_00040.jpg,1000,679
porte,614,334,14,35,aircraft_fewshot_1_bs_16_00040.jpg,1000,679
réacteur,640,324,135,44,aircraft_fewshot_1_bs_16_00040.jpg,1000,679
réacteur,624,269,130,45,aircraft_fewshot_1_bs_16_00040.jpg,1000,679
train,95,378,30,41,aircraft_fewshot_1_bs_16_00040.jpg,1000,679
train,475,393,49,43,aircraft_fewshot_1_bs_16_00040.jpg,1000,679
fuselage,475,271,379,52,aircraft_fewshot_1_bs_16_00050.jpg,1024,695
fuselage,363,231,647,79,aircraft_fewshot_1_bs_16_00050.jpg,1024,695
fuselage,0,280,202,51,aircraft_fewshot_1_bs_16_00050.jpg,1024,695
fuselage,0,249,264,48,aircraft_fewshot_1_bs_16_00050.jpg,1024,695
fuselage,5,233,505,68,aircraft_fewshot_1_bs_16_00050.jpg,1024,695
derive,177,165,102,87,aircraft_fewshot_1_bs_16_00050.jpg,1024,695
derive,2,191,55,50,aircraft_fewshot_1_bs_16_00050.jpg,1024,695
derive,329,144,150,86,aircraft_fewshot_1_bs_16_00050.jpg,1024,695
derive,420,234,145,45,aircraft_fewshot_1_bs_16_00050.jpg,1024,695
cockpit,815,287,34,18,aircraft_fewshot_1_bs_16_00050.jpg,1024,695
cockpit,939,233,41,23,aircraft_fewshot_1_bs_16_00050.jpg,1024,695
cockpit,173,292,27,17,aircraft_fewshot_1_bs_16_00050.jpg,1024,695
porte,783,286,11,23,aircraft_fewshot_1_bs_16_00050.jpg,1024,695
porte,913,258,12,25,aircraft_fewshot_1_bs_16_00050.jpg,1024,695
porte,145,291,9,23,aircraft_fewshot_1_bs_16_00050.jpg,1024,695
porte,128,261,13,20,aircraft_fewshot_1_bs_16_00050.jpg,1024,695
réacteur,142,214,95,31,aircraft_fewshot_1_bs_16_00050.jpg,1024,695
réacteur,485,252,84,30,aircraft_fewshot_1_bs_16_00050.jpg,1024,695
train,928,294,34,37,aircraft_fewshot_1_bs_16_00050.jpg,1024,695
train,805,317,22,20,aircraft_fewshot_1_bs_16_00050.jpg,1024,695
train,148,320,25,23,aircraft_fewshot_1_bs_16_00050.jpg,1024,695
train,214,304,82,22,aircraft_fewshot_1_bs_16_00050.jpg,1024,695
train,16,323,16,19,aircraft_fewshot_1_bs_16_00050.jpg,1024,695
fuselage,23,309,821,66,aircraft_fewshot_1_bs_16_00051.jpg,1000,679
fuselage,736,363,235,29,aircraft_fewshot_1_bs_16_00051.jpg,1000,679
derive,705,195,244,119,aircraft_fewshot_1_bs_16_00051.jpg,1000,679
derive,952,333,48,32,aircraft_fewshot_1_bs_16_00051.jpg,1000,679
cockpit,39,324,45,31,aircraft_fewshot_1_bs_16_00051.jpg,1000,679
porte,111,320,18,42,aircraft_fewshot_1_bs_16_00051.jpg,1000,679
réacteur,621,266,131,32,aircraft_fewshot_1_bs_16_00051.jpg,1000,679
réacteur,644,316,119,40,aircraft_fewshot_1_bs_16_00051.jpg,1000,679
train,94,389,32,32,aircraft_fewshot_1_bs_16_00051.jpg,1000,679
train,254,395,30,19,aircraft_fewshot_1_bs_16_00051.jpg,1000,679
train,480,389,63,26,aircraft_fewshot_1_bs_16_00051.jpg,1000,679
train,12,395,43,19,aircraft_fewshot_1_bs_16_00051.jpg,1000,679
fuselage,34,330,105,50,aircraft_fewshot_1_bs_16_00052.jpg,1024,696
fuselage,208,303,792,104,aircraft_fewshot_1_bs_16_00052.jpg,1024,696
derive,27,255,44,78,aircraft_fewshot_1_bs_16_00052.jpg,1024,696
derive,118,210,251,102,aircraft_fewshot_1_bs_16_00052.jpg,1024,696
cockpit,101,335,32,18,aircraft_fewshot_1_bs_16_00052.jpg,1024,696
cockpit,904,316,80,37,aircraft_fewshot_1_bs_16_00052.jpg,1024,696
porte,382,327,22,38,aircraft_fewshot_1_bs_16_00052.jpg,1024,696
porte,823,318,21,49,aircraft_fewshot_1_bs_16_00052.jpg,1024,696
réacteur,249,328,118,32,aircraft_fewshot_1_bs_16_00052.jpg,1024,696
réacteur,304,266,104,34,aircraft_fewshot_1_bs_16_00052.jpg,1024,696
réacteur,12,363,29,23,aircraft_fewshot_1_bs_16_00052.jpg,1024,696
réacteur,152,360,29,26,aircraft_fewshot_1_bs_16_00052.jpg,1024,696
train,104,378,32,18,aircraft_fewshot_1_bs_16_00052.jpg,1024,696
train,30,382,32,15,aircraft_fewshot_1_bs_16_00052.jpg,1024,696
train,468,407,46,27,aircraft_fewshot_1_bs_16_00052.jpg,1024,696
train,545,405,48,28,aircraft_fewshot_1_bs_16_00052.jpg,1024,696
train,886,402,32,27,aircraft_fewshot_1_bs_16_00052.jpg,1024,696
fuselage,53,344,759,63,aircraft_fewshot_1_bs_16_00053.jpg,950,653
fuselage,820,339,0,11,aircraft_fewshot_1_bs_16_00053.jpg,950,653
fuselage,1,276,156,38,aircraft_fewshot_1_bs_16_00053.jpg,950,653
derive,75,213,87,73,aircraft_fewshot_1_bs_16_00053.jpg,950,653
derive,649,244,235,97,aircraft_fewshot_1_bs_16_00053.jpg,950,653
cockpit,78,355,43,24,aircraft_fewshot_1_bs_16_00053.jpg,950,653
porte,137,351,22,38,aircraft_fewshot_1_bs_16_00053.jpg,950,653
porte,575,345,20,32,aircraft_fewshot_1_bs_16_00053.jpg,950,653
réacteur,605,345,94,32,aircraft_fewshot_1_bs_16_00053.jpg,950,653
réacteur,597,301,127,28,aircraft_fewshot_1_bs_16_00053.jpg,950,653
train,127,409,33,24,aircraft_fewshot_1_bs_16_00053.jpg,950,653
train,469,405,32,27,aircraft_fewshot_1_bs_16_00053.jpg,950,653
fuselage,114,311,909,85,aircraft_fewshot_1_bs_16_00054.jpg,1024,695
derive,35,222,272,106,aircraft_fewshot_1_bs_16_00054.jpg,1024,695
cockpit,931,325,66,27,aircraft_fewshot_1_bs_16_00054.jpg,1024,695
porte,858,321,17,36,aircraft_fewshot_1_bs_16_00054.jpg,1024,695
réacteur,234,277,145,36,aircraft_fewshot_1_bs_16_00054.jpg,1024,695
réacteur,214,323,133,44,aircraft_fewshot_1_bs_16_00054.jpg,1024,695
train,471,399,33,32,aircraft_fewshot_1_bs_16_00054.jpg,1024,695
train,498,419,47,31,aircraft_fewshot_1_bs_16_00054.jpg,1024,695
train,900,394,31,47,aircraft_fewshot_1_bs_16_00054.jpg,1024,695
fuselage,7,286,906,88,aircraft_fewshot_1_bs_16_00055.jpg,1000,679
derive,734,179,234,117,aircraft_fewshot_1_bs_16_00055.jpg,1000,679
cockpit,34,309,56,32,aircraft_fewshot_1_bs_16_00055.jpg,1000,679
porte,110,303,19,42,aircraft_fewshot_1_bs_16_00055.jpg,1000,679
porte,636,303,19,33,aircraft_fewshot_1_bs_16_00055.jpg,1000,679
réacteur,649,247,140,38,aircraft_fewshot_1_bs_16_00055.jpg,1000,679
réacteur,667,301,134,34,aircraft_fewshot_1_bs_16_00055.jpg,1000,679
train,96,372,31,34,aircraft_fewshot_1_bs_16_00055.jpg,1000,679
train,493,369,54,39,aircraft_fewshot_1_bs_16_00055.jpg,1000,679
fuselage,338,322,722,243,aircraft_fewshot_1_bs_16_00056.jpg,1200,849
derive,294,184,163,159,aircraft_fewshot_1_bs_16_00056.jpg,1200,849
cockpit,882,389,164,72,aircraft_fewshot_1_bs_16_00056.jpg,1200,849
porte,414,358,21,60,aircraft_fewshot_1_bs_16_00056.jpg,1200,849
porte,775,380,37,90,aircraft_fewshot_1_bs_16_00056.jpg,1200,849
réacteur,397,270,99,44,aircraft_fewshot_1_bs_16_00056.jpg,1200,849
réacteur,313,358,85,46,aircraft_fewshot_1_bs_16_00056.jpg,1200,849
train,416,479,72,78,aircraft_fewshot_1_bs_16_00056.jpg,1200,849
train,622,501,67,44,aircraft_fewshot_1_bs_16_00056.jpg,1200,849
train,883,545,68,71,aircraft_fewshot_1_bs_16_00056.jpg,1200,849
fuselage,106,286,889,108,aircraft_fewshot_1_bs_16_00057.jpg,1024,702
derive,50,201,216,96,aircraft_fewshot_1_bs_16_00057.jpg,1024,702
cockpit,867,303,104,35,aircraft_fewshot_1_bs_16_00057.jpg,1024,702
porte,288,311,24,40,aircraft_fewshot_1_bs_16_00057.jpg,1024,702
porte,786,302,27,47,aircraft_fewshot_1_bs_16_00057.jpg,1024,702
réacteur,196,254,123,32,aircraft_fewshot_1_bs_16_00057.jpg,1024,702
réacteur,155,314,114,34,aircraft_fewshot_1_bs_16_00057.jpg,1024,702
train,375,388,38,39,aircraft_fewshot_1_bs_16_00057.jpg,1024,702
train,450,389,42,33,aircraft_fewshot_1_bs_16_00057.jpg,1024,702
train,853,384,42,39,aircraft_fewshot_1_bs_16_00057.jpg,1024,702
fuselage,124,296,860,97,aircraft_fewshot_1_bs_16_00058.jpg,1000,678
derive,45,197,288,113,aircraft_fewshot_1_bs_16_00058.jpg,1000,678
cockpit,896,316,63,31,aircraft_fewshot_1_bs_16_00058.jpg,1000,678
porte,585,324,14,27,aircraft_fewshot_1_bs_16_00058.jpg,1000,678
réacteur,249,253,158,43,aircraft_fewshot_1_bs_16_00058.jpg,1000,678
réacteur,252,318,145,34,aircraft_fewshot_1_bs_16_00058.jpg,1000,678
train,463,388,58,41,aircraft_fewshot_1_bs_16_00058.jpg,1000,678
train,854,391,41,34,aircraft_fewshot_1_bs_16_00058.jpg,1000,678
fuselage,166,311,813,98,aircraft_fewshot_1_bs_16_00059.jpg,1005,682
fuselage,6,371,247,54,aircraft_fewshot_1_bs_16_00059.jpg,1005,682
derive,74,218,251,100,aircraft_fewshot_1_bs_16_00059.jpg,1005,682
derive,1,319,47,76,aircraft_fewshot_1_bs_16_00059.jpg,1005,682
cockpit,224,381,32,16,aircraft_fewshot_1_bs_16_00059.jpg,1005,682
cockpit,892,334,75,38,aircraft_fewshot_1_bs_16_00059.jpg,1005,682
porte,359,332,20,42,aircraft_fewshot_1_bs_16_00059.jpg,1005,682
porte,812,334,27,46,aircraft_fewshot_1_bs_16_00059.jpg,1005,682
porte,212,386,14,23,aircraft_fewshot_1_bs_16_00059.jpg,1005,682
réacteur,246,269,135,41,aircraft_fewshot_1_bs_16_00059.jpg,1005,682
réacteur,222,326,120,39,aircraft_fewshot_1_bs_16_00059.jpg,1005,682
réacteur,88,391,41,24,aircraft_fewshot_1_bs_16_00059.jpg,1005,682
réacteur,130,386,30,30,aircraft_fewshot_1_bs_16_00059.jpg,1005,682
train,429,405,53,29,aircraft_fewshot_1_bs_16_00059.jpg,1005,682
train,511,408,36,29,aircraft_fewshot_1_bs_16_00059.jpg,1005,682
train,874,403,33,38,aircraft_fewshot_1_bs_16_00059.jpg,1005,682
fuselage,314,549,886,234,aircraft_fewshot_1_bs_16_00060.jpg,1200,814
fuselage,303,303,780,90,aircraft_fewshot_1_bs_16_00060.jpg,1200,814
fuselage,111,254,91,62,aircraft_fewshot_1_bs_16_00060.jpg,1200,814
derive,131,202,28,62,aircraft_fewshot_1_bs_16_00060.jpg,1200,814
derive,916,225,205,116,aircraft_fewshot_1_bs_16_00060.jpg,1200,814
cockpit,340,324,45,27,aircraft_fewshot_1_bs_16_00060.jpg,1200,814
cockpit,430,591,94,56,aircraft_fewshot_1_bs_16_00060.jpg,1200,814
cockpit,152,270,43,19,aircraft_fewshot_1_bs_16_00060.jpg,1200,814
porte,631,587,39,111,aircraft_fewshot_1_bs_16_00060.jpg,1200,814
porte,387,323,20,42,aircraft_fewshot_1_bs_16_00060.jpg,1200,814
porte,816,332,23,35,aircraft_fewshot_1_bs_16_00060.jpg,1200,814
réacteur,841,321,104,45,aircraft_fewshot_1_bs_16_00060.jpg,1200,814
réacteur,850,273,131,34,aircraft_fewshot_1_bs_16_00060.jpg,1200,814
réacteur,99,269,32,23,aircraft_fewshot_1_bs_16_00060.jpg,1200,814
train,385,378,36,30,aircraft_fewshot_1_bs_16_00060.jpg,1200,814
train,113,303,17,24,aircraft_fewshot_1_bs_16_00060.jpg,1200,814
train,165,314,16,20,aircraft_fewshot_1_bs_16_00060.jpg,1200,814
train,187,305,18,21,aircraft_fewshot_1_bs_16_00060.jpg,1200,814
train,692,398,35,29,aircraft_fewshot_1_bs_16_00060.jpg,1200,814
train,750,393,33,29,aircraft_fewshot_1_bs_16_00060.jpg,1200,814
fuselage,10,283,912,133,aircraft_fewshot_1_bs_16_00090.jpg,1024,694
derive,760,98,158,199,aircraft_fewshot_1_bs_16_00090.jpg,1024,694
cockpit,57,322,78,30,aircraft_fewshot_1_bs_16_00090.jpg,1024,694
porte,163,309,32,63,aircraft_fewshot_1_bs_16_00090.jpg,1024,694
porte,736,309,27,57,aircraft_fewshot_1_bs_16_00090.jpg,1024,694
réacteur,378,369,238,61,aircraft_fewshot_1_bs_16_00090.jpg,1024,694
train,130,411,29,39,aircraft_fewshot_1_bs_16_00090.jpg,1024,694
train,476,421,47,27,aircraft_fewshot_1_bs_16_00090.jpg,1024,694
fuselage,47,250,838,121,aircraft_fewshot_1_bs_16_00091.jpg,900,575
derive,60,91,198,173,aircraft_fewshot_1_bs_16_00091.jpg,900,575
cockpit,771,289,85,31,aircraft_fewshot_1_bs_16_00091.jpg,900,575
porte,216,279,26,47,aircraft_fewshot_1_bs_16_00091.jpg,900,575
porte,732,286,24,50,aircraft_fewshot_1_bs_16_00091.jpg,900,575
réacteur,340,338,209,58,aircraft_fewshot_1_bs_16_00091.jpg,900,575
train,751,364,64,39,aircraft_fewshot_1_bs_16_00091.jpg,900,575
fuselage,2,307,952,130,aircraft_fewshot_1_bs_16_00092.jpg,1000,678
derive,711,119,231,188,aircraft_fewshot_1_bs_16_00092.jpg,1000,678
cockpit,47,336,77,26,aircraft_fewshot_1_bs_16_00092.jpg,1000,678
porte,155,322,29,54,aircraft_fewshot_1_bs_16_00092.jpg,1000,678
porte,741,319,24,58,aircraft_fewshot_1_bs_16_00092.jpg,1000,678
réacteur,373,364,239,52,aircraft_fewshot_1_bs_16_00092.jpg,1000,678
réacteur,378,435,218,39,aircraft_fewshot_1_bs_16_00092.jpg,1000,678
train,80,420,72,54,aircraft_fewshot_1_bs_16_00092.jpg,1000,678
train,480,426,43,28,aircraft_fewshot_1_bs_16_00092.jpg,1000,678
train,476,461,40,37,aircraft_fewshot_1_bs_16_00092.jpg,1000,678
fuselage,6,322,946,133,aircraft_fewshot_1_bs_16_00093.jpg,1000,678
derive,741,123,181,196,aircraft_fewshot_1_bs_16_00093.jpg,1000,678
derive,936,239,64,131,aircraft_fewshot_1_bs_16_00093.jpg,1000,678
cockpit,45,359,84,41,aircraft_fewshot_1_bs_16_00093.jpg,1000,678
porte,149,351,37,56,aircraft_fewshot_1_bs_16_00093.jpg,1000,678
porte,742,336,31,68,aircraft_fewshot_1_bs_16_00093.jpg,1000,678
réacteur,373,412,230,58,aircraft_fewshot_1_bs_16_00093.jpg,1000,678
train,87,443,71,45,aircraft_fewshot_1_bs_16_00093.jpg,1000,678
train,485,464,40,28,aircraft_fewshot_1_bs_16_00093.jpg,1000,678
fuselage,93,365,1093,151,aircraft_fewshot_1_bs_16_00094.jpg,1200,812
derive,73,133,317,225,aircraft_fewshot_1_bs_16_00094.jpg,1200,812
cockpit,1066,400,83,42,aircraft_fewshot_1_bs_16_00094.jpg,1200,812
porte,301,387,39,62,aircraft_fewshot_1_bs_16_00094.jpg,1200,812
porte,1009,397,28,63,aircraft_fewshot_1_bs_16_00094.jpg,1200,812
réacteur,491,460,296,73,aircraft_fewshot_1_bs_16_00094.jpg,1200,812
train,602,528,42,26,aircraft_fewshot_1_bs_16_00094.jpg,1200,812
train,1027,496,75,55,aircraft_fewshot_1_bs_16_00094.jpg,1200,812
fuselage,4,380,1222,165,aircraft_fewshot_1_bs_16_00095.jpg,1280,882
derive,885,140,336,236,aircraft_fewshot_1_bs_16_00095.jpg,1280,882
cockpit,62,416,110,45,aircraft_fewshot_1_bs_16_00095.jpg,1280,882
porte,187,407,42,71,aircraft_fewshot_1_bs_16_00095.jpg,1280,882
porte,952,398,31,75,aircraft_fewshot_1_bs_16_00095.jpg,1280,882
réacteur,450,466,321,65,aircraft_fewshot_1_bs_16_00095.jpg,1280,882
réacteur,486,535,310,54,aircraft_fewshot_1_bs_16_00095.jpg,1280,882
train,105,525,84,74,aircraft_fewshot_1_bs_16_00095.jpg,1280,882
train,603,547,53,40,aircraft_fewshot_1_bs_16_00095.jpg,1280,882
train,621,588,48,35,aircraft_fewshot_1_bs_16_00095.jpg,1280,882
fuselage,70,316,907,122,aircraft_fewshot_1_bs_16_00096.jpg,1000,679
derive,50,124,244,191,aircraft_fewshot_1_bs_16_00096.jpg,1000,679
cockpit,870,341,95,38,aircraft_fewshot_1_bs_16_00096.jpg,1000,679
porte,242,338,27,54,aircraft_fewshot_1_bs_16_00096.jpg,1000,679
porte,827,342,27,54,aircraft_fewshot_1_bs_16_00096.jpg,1000,679
réacteur,387,417,235,49,aircraft_fewshot_1_bs_16_00096.jpg,1000,679
train,847,429,71,40,aircraft_fewshot_1_bs_16_00096.jpg,1000,679
fuselage,29,262,705,107,aircraft_fewshot_1_bs_16_00097.jpg,800,502
fuselage,253,213,151,47,aircraft_fewshot_1_bs_16_00097.jpg,800,502
derive,562,88,166,157,aircraft_fewshot_1_bs_16_00097.jpg,800,502
derive,258,113,49,105,aircraft_fewshot_1_bs_16_00097.jpg,800,502
cockpit,55,286,108,30,aircraft_fewshot_1_bs_16_00097.jpg,800,502
porte,166,276,23,55,aircraft_fewshot_1_bs_16_00097.jpg,800,502
porte,592,265,22,49,aircraft_fewshot_1_bs_16_00097.jpg,800,502
réacteur,376,336,170,51,aircraft_fewshot_1_bs_16_00097.jpg,800,502
train,90,360,65,38,aircraft_fewshot_1_bs_16_00097.jpg,800,502
fuselage,23,304,941,139,aircraft_fewshot_1_bs_16_00098.jpg,1024,718
derive,725,115,247,209,aircraft_fewshot_1_bs_16_00098.jpg,1024,718
cockpit,49,333,76,48,aircraft_fewshot_1_bs_16_00098.jpg,1024,718
porte,156,332,33,65,aircraft_fewshot_1_bs_16_00098.jpg,1024,718
porte,746,338,29,61,aircraft_fewshot_1_bs_16_00098.jpg,1024,718
réacteur,357,416,237,48,aircraft_fewshot_1_bs_16_00098.jpg,1024,718
train,91,430,77,42,aircraft_fewshot_1_bs_16_00098.jpg,1024,718
fuselage,13,266,957,152,aircraft_fewshot_1_bs_16_00099.jpg,1024,695
derive,736,101,244,204,aircraft_fewshot_1_bs_16_00099.jpg,1024,695
cockpit,62,287,75,37,aircraft_fewshot_1_bs_16_00099.jpg,1024,695
porte,163,284,36,66,aircraft_fewshot_1_bs_16_00099.jpg,1024,695
porte,752,308,33,63,aircraft_fewshot_1_bs_16_00099.jpg,1024,695
réacteur,370,367,246,52,aircraft_fewshot_1_bs_16_00099.jpg,1024,695
train,93,378,76,56,aircraft_fewshot_1_bs_16_00099.jpg,1024,695
train,482,419,44,35,aircraft_fewshot_1_bs_16_00099.jpg,1024,695
fuselage,39,311,954,125,aircraft_fewshot_1_bs_16_00100.jpg,1000,679
derive,44,133,268,178,aircraft_fewshot_1_bs_16_00100.jpg,1000,679
cockpit,886,331,82,42,aircraft_fewshot_1_bs_16_00100.jpg,1000,679
porte,222,331,33,56,aircraft_fewshot_1_bs_16_00100.jpg,1000,679
porte,843,335,30,53,aircraft_fewshot_1_bs_16_00100.jpg,1000,679
réacteur,548,390,131,57,aircraft_fewshot_1_bs_16_00100.jpg,1000,679
train,496,428,38,32,aircraft_fewshot_1_bs_16_00100.jpg,1000,679
train,861,418,69,47,aircraft_fewshot_1_bs_16_00100.jpg,1000,679
fuselage,58,349,1129,142,aircraft_fewshot_1_bs_16_00130.jpg,1200,812
derive,38,145,329,215,aircraft_fewshot_1_bs_16_00130.jpg,1200,812
cockpit,1063,374,94,41,aircraft_fewshot_1_bs_16_00130.jpg,1200,812
porte,265,380,38,63,aircraft_fewshot_1_bs_16_00130.jpg,1200,812
porte,1010,373,37,65,aircraft_fewshot_1_bs_16_00130.jpg,1200,812
réacteur,647,445,168,70,aircraft_fewshot_1_bs_16_00130.jpg,1200,812
train,598,484,41,47,aircraft_fewshot_1_bs_16_00130.jpg,1200,812
train,1030,475,81,53,aircraft_fewshot_1_bs_16_00130.jpg,1200,812
fuselage,13,376,1222,166,aircraft_fewshot_1_bs_16_00131.jpg,1280,882
derive,886,146,366,244,aircraft_fewshot_1_bs_16_00131.jpg,1280,882
cockpit,57,400,81,44,aircraft_fewshot_1_bs_16_00131.jpg,1280,882
porte,160,389,45,75,aircraft_fewshot_1_bs_16_00131.jpg,1280,882
porte,941,399,39,78,aircraft_fewshot_1_bs_16_00131.jpg,1280,882
réacteur,355,453,165,72,aircraft_fewshot_1_bs_16_00131.jpg,1280,882
réacteur,432,522,164,62,aircraft_fewshot_1_bs_16_00131.jpg,1280,882
train,84,507,80,70,aircraft_fewshot_1_bs_16_00131.jpg,1280,882
train,605,565,47,46,aircraft_fewshot_1_bs_16_00131.jpg,1280,882
train,569,532,40,39,aircraft_fewshot_1_bs_16_00131.jpg,1280,882
fuselage,83,313,330,79,aircraft_fewshot_1_bs_16_00132.jpg,1024,699
fuselage,416,302,255,157,aircraft_fewshot_1_bs_16_00132.jpg,1024,699
derive,424,108,59,199,aircraft_fewshot_1_bs_16_00132.jpg,1024,699
derive,901,138,123,190,aircraft_fewshot_1_bs_16_00132.jpg,1024,699
derive,90,190,121,125,aircraft_fewshot_1_bs_16_00132.jpg,1024,699
cockpit,575,345,100,39,aircraft_fewshot_1_bs_16_00132.jpg,1024,699
porte,548,341,29,69,aircraft_fewshot_1_bs_16_00132.jpg,1024,699
porte,142,322,19,41,aircraft_fewshot_1_bs_16_00132.jpg,1024,699
réacteur,337,405,86,72,aircraft_fewshot_1_bs_16_00132.jpg,1024,699
réacteur,688,411,84,70,aircraft_fewshot_1_bs_16_00132.jpg,1024,699
train,412,449,64,38,aircraft_fewshot_1_bs_16_00132.jpg,1024,699
train,598,475,37,29,aircraft_fewshot_1_bs_16_00132.jpg,1024,699
train,249,396,27,22,aircraft_fewshot_1_bs_16_00132.jpg,1024,699
fuselage,7,301,953,137,aircraft_fewshot_1_bs_16_00133.jpg,1024,694
fuselage,682,244,97,16,aircraft_fewshot_1_bs_16_00133.jpg,1024,694
derive,761,194,233,174,aircraft_fewshot_1_bs_16_00133.jpg,1024,694
cockpit,47,315,54,27,aircraft_fewshot_1_bs_16_00133.jpg,1024,694
porte,135,309,26,52,aircraft_fewshot_1_bs_16_00133.jpg,1024,694
porte,790,360,26,58,aircraft_fewshot_1_bs_16_00133.jpg,1024,694
réacteur,348,362,144,61,aircraft_fewshot_1_bs_16_00133.jpg,1024,694
réacteur,336,423,145,42,aircraft_fewshot_1_bs_16_00133.jpg,1024,694
train,69,389,57,55,aircraft_fewshot_1_bs_16_00133.jpg,1024,694
train,492,417,41,43,aircraft_fewshot_1_bs_16_00133.jpg,1024,694
train,482,460,32,32,aircraft_fewshot_1_bs_16_00133.jpg,1024,694
fuselage,56,236,732,78,aircraft_fewshot_1_bs_16_00134.jpg,800,498
derive,44,105,196,131,aircraft_fewshot_1_bs_16_00134.jpg,800,498
cockpit,699,250,64,23,aircraft_fewshot_1_bs_16_00134.jpg,800,498
porte,168,243,25,42,aircraft_fewshot_1_bs_16_00134.jpg,800,498
porte,662,248,24,43,aircraft_fewshot_1_bs_16_00134.jpg,800,498
réacteur,429,293,75,35,aircraft_fewshot_1_bs_16_00134.jpg,800,498
train,375,317,55,24,aircraft_fewshot_1_bs_16_00134.jpg,800,498
train,684,311,46,27,aircraft_fewshot_1_bs_16_00134.jpg,800,498
fuselage,86,305,907,98,aircraft_fewshot_1_bs_16_00135.jpg,1000,678
derive,65,149,242,151,aircraft_fewshot_1_bs_16_00135.jpg,1000,678
cockpit,896,321,74,36,aircraft_fewshot_1_bs_16_00135.jpg,1000,678
porte,223,320,25,47,aircraft_fewshot_1_bs_16_00135.jpg,1000,678
porte,857,320,23,51,aircraft_fewshot_1_bs_16_00135.jpg,1000,678
réacteur,555,369,106,54,aircraft_fewshot_1_bs_16_00135.jpg,1000,678
train,488,393,48,38,aircraft_fewshot_1_bs_16_00135.jpg,1000,678
train,866,395,60,37,aircraft_fewshot_1_bs_16_00135.jpg,1000,678
fuselage,2,304,976,110,aircraft_fewshot_1_bs_16_00136.jpg,1024,695
derive,700,137,252,170,aircraft_fewshot_1_bs_16_00136.jpg,1024,695
cockpit,27,336,81,27,aircraft_fewshot_1_bs_16_00136.jpg,1024,695
porte,132,327,33,57,aircraft_fewshot_1_bs_16_00136.jpg,1024,695
porte,773,320,29,55,aircraft_fewshot_1_bs_16_00136.jpg,1024,695
réacteur,368,383,118,57,aircraft_fewshot_1_bs_16_00136.jpg,1024,695
train,67,414,58,37,aircraft_fewshot_1_bs_16_00136.jpg,1024,695
train,499,409,35,46,aircraft_fewshot_1_bs_16_00136.jpg,1024,695
train,472,418,19,29,aircraft_fewshot_1_bs_16_00136.jpg,1024,695
fuselage,11,310,930,103,aircraft_fewshot_1_bs_16_00137.jpg,1000,679
derive,736,160,209,151,aircraft_fewshot_1_bs_16_00137.jpg,1000,679
cockpit,52,337,59,19,aircraft_fewshot_1_bs_16_00137.jpg,1000,679
porte,131,320,30,47,aircraft_fewshot_1_bs_16_00137.jpg,1000,679
porte,768,327,24,49,aircraft_fewshot_1_bs_16_00137.jpg,1000,679
réacteur,339,355,126,46,aircraft_fewshot_1_bs_16_00137.jpg,1000,679
réacteur,343,415,129,43,aircraft_fewshot_1_bs_16_00137.jpg,1000,679
train,75,403,55,49,aircraft_fewshot_1_bs_16_00137.jpg,1000,679
train,481,380,31,58,aircraft_fewshot_1_bs_16_00137.jpg,1000,679
train,481,441,30,33,aircraft_fewshot_1_bs_16_00137.jpg,1000,679
fuselage,62,318,953,102,aircraft_fewshot_1_bs_16_00138.jpg,1024,695
derive,46,152,254,164,aircraft_fewshot_1_bs_16_00138.jpg,1024,695
cockpit,915,336,68,32,aircraft_fewshot_1_bs_16_00138.jpg,1024,695
porte,212,335,25,47,aircraft_fewshot_1_bs_16_00138.jpg,1024,695
porte,873,336,26,47,aircraft_fewshot_1_bs_16_00138.jpg,1024,695
réacteur,554,390,120,54,aircraft_fewshot_1_bs_16_00138.jpg,1024,695
train,500,409,42,47,aircraft_fewshot_1_bs_16_00138.jpg,1024,695
train,888,415,40,39,aircraft_fewshot_1_bs_16_00138.jpg,1024,695
fuselage,40,319,949,106,aircraft_fewshot_1_bs_16_00139.jpg,1000,678
derive,40,160,248,162,aircraft_fewshot_1_bs_16_00139.jpg,1000,678
cockpit,890,334,71,36,aircraft_fewshot_1_bs_16_00139.jpg,1000,678
porte,204,335,28,46,aircraft_fewshot_1_bs_16_00139.jpg,1000,678
porte,853,332,24,49,aircraft_fewshot_1_bs_16_00139.jpg,1000,678
réacteur,529,369,128,50,aircraft_fewshot_1_bs_16_00139.jpg,1000,678
réacteur,533,426,133,33,aircraft_fewshot_1_bs_16_00139.jpg,1000,678
train,486,395,32,52,aircraft_fewshot_1_bs_16_00139.jpg,1000,678
train,490,449,35,25,aircraft_fewshot_1_bs_16_00139.jpg,1000,678
train,874,412,50,47,aircraft_fewshot_1_bs_16_00139.jpg,1000,678
fuselage,52,354,1137,131,aircraft_fewshot_1_bs_16_00140.jpg,1200,812
derive,24,181,307,185,aircraft_fewshot_1_bs_16_00140.jpg,1200,812
cockpit,1071,370,83,40,aircraft_fewshot_1_bs_16_00140.jpg,1200,812
porte,239,383,32,59,aircraft_fewshot_1_bs_16_00140.jpg,1200,812
porte,1021,369,35,58,aircraft_fewshot_1_bs_16_00140.jpg,1200,812
réacteur,640,488,148,46,aircraft_fewshot_1_bs_16_00140.jpg,1200,812
réacteur,641,407,149,67,aircraft_fewshot_1_bs_16_00140.jpg,1200,812
train,584,442,35,77,aircraft_fewshot_1_bs_16_00140.jpg,1200,812
train,585,518,35,32,aircraft_fewshot_1_bs_16_00140.jpg,1200,812
train,1047,457,62,64,aircraft_fewshot_1_bs_16_00140.jpg,1200,812
fuselage,288,4,444,667,aircraft_fewshot_1_bs_16_00180.jpg,1024,699
derive,298,124,54,230,aircraft_fewshot_1_bs_16_00180.jpg,1024,699
cockpit,490,19,227,57,aircraft_fewshot_1_bs_16_00180.jpg,1024,699
porte,448,54,34,143,aircraft_fewshot_1_bs_16_00180.jpg,1024,699
réacteur,37,324,191,216,aircraft_fewshot_1_bs_16_00180.jpg,1024,699
réacteur,815,332,193,205,aircraft_fewshot_1_bs_16_00180.jpg,1024,699
train,231,474,96,182,aircraft_fewshot_1_bs_16_00180.jpg,1024,699
train,631,476,99,177,aircraft_fewshot_1_bs_16_00180.jpg,1024,699
train,563,228,98,178,aircraft_fewshot_1_bs_16_00180.jpg,1024,699
fuselage,36,242,683,95,aircraft_fewshot_1_bs_16_00181.jpg,800,518
derive,517,79,216,164,aircraft_fewshot_1_bs_16_00181.jpg,800,518
cockpit,56,264,47,25,aircraft_fewshot_1_bs_16_00181.jpg,800,518
porte,121,256,21,50,aircraft_fewshot_1_bs_16_00181.jpg,800,518
porte,544,252,28,52,aircraft_fewshot_1_bs_16_00181.jpg,800,518
réacteur,186,309,118,51,aircraft_fewshot_1_bs_16_00181.jpg,800,518
train,86,329,51,38,aircraft_fewshot_1_bs_16_00181.jpg,800,518
train,329,329,41,42,aircraft_fewshot_1_bs_16_00181.jpg,800,518
train,380,328,37,33,aircraft_fewshot_1_bs_16_00181.jpg,800,518
fuselage,17,322,980,118,aircraft_fewshot_1_bs_16_00182.jpg,1024,695
fuselage,651,147,154,114,aircraft_fewshot_1_bs_16_00182.jpg,1024,695
derive,773,24,23,160,aircraft_fewshot_1_bs_16_00182.jpg,1024,695
derive,827,118,187,200,aircraft_fewshot_1_bs_16_00182.jpg,1024,695
cockpit,44,354,86,42,aircraft_fewshot_1_bs_16_00182.jpg,1024,695
porte,165,348,40,66,aircraft_fewshot_1_bs_16_00182.jpg,1024,695
porte,780,340,31,58,aircraft_fewshot_1_bs_16_00182.jpg,1024,695
réacteur,334,429,175,66,aircraft_fewshot_1_bs_16_00182.jpg,1024,695
réacteur,598,209,44,42,aircraft_fewshot_1_bs_16_00182.jpg,1024,695
réacteur,799,212,37,32,aircraft_fewshot_1_bs_16_00182.jpg,1024,695
train,86,448,78,51,aircraft_fewshot_1_bs_16_00182.jpg,1024,695
train,767,230,32,31,aircraft_fewshot_1_bs_16_00182.jpg,1024,695
train,503,449,42,57,aircraft_fewshot_1_bs_16_00182.jpg,1024,695
fuselage,186,297,821,153,aircraft_fewshot_1_bs_16_00183.jpg,1024,695
derive,175,97,190,205,aircraft_fewshot_1_bs_16_00183.jpg,1024,695
cockpit,875,323,110,38,aircraft_fewshot_1_bs_16_00183.jpg,1024,695
porte,305,329,26,55,aircraft_fewshot_1_bs_16_00183.jpg,1024,695
porte,826,318,29,73,aircraft_fewshot_1_bs_16_00183.jpg,1024,695
réacteur,488,393,166,69,aircraft_fewshot_1_bs_16_00183.jpg,1024,695
train,496,448,51,37,aircraft_fewshot_1_bs_16_00183.jpg,1024,695
train,619,448,47,35,aircraft_fewshot_1_bs_16_00183.jpg,1024,695
train,876,425,78,62,aircraft_fewshot_1_bs_16_00183.jpg,1024,695
fuselage,15,432,1289,197,aircraft_fewshot_1_bs_16_00184.jpg,1500,1012
derive,969,200,363,246,aircraft_fewshot_1_bs_16_00184.jpg,1500,1012
cockpit,58,487,116,51,aircraft_fewshot_1_bs_16_00184.jpg,1500,1012
porte,202,469,45,85,aircraft_fewshot_1_bs_16_00184.jpg,1500,1012
porte,1048,473,41,82,aircraft_fewshot_1_bs_16_00184.jpg,1500,1012
réacteur,390,560,263,102,aircraft_fewshot_1_bs_16_00184.jpg,1500,1012
train,112,604,102,69,aircraft_fewshot_1_bs_16_00184.jpg,1500,1012
train,653,597,62,86,aircraft_fewshot_1_bs_16_00184.jpg,1500,1012
fuselage,86,304,921,136,aircraft_fewshot_1_bs_16_00185.jpg,1024,695
fuselage,818,256,206,101,aircraft_fewshot_1_bs_16_00185.jpg,1024,695
fuselage,121,128,450,55,aircraft_fewshot_1_bs_16_00185.jpg,1024,695
fuselage,441,117,299,37,aircraft_fewshot_1_bs_16_00185.jpg,1024,695
fuselage,413,81,521,49,aircraft_fewshot_1_bs_16_00185.jpg,1024,695
fuselage,923,88,101,37,aircraft_fewshot_1_bs_16_00185.jpg,1024,695
derive,66,124,242,179,aircraft_fewshot_1_bs_16_00185.jpg,1024,695
derive,497,43,97,87,aircraft_fewshot_1_bs_16_00185.jpg,1024,695
derive,689,51,71,65,aircraft_fewshot_1_bs_16_00185.jpg,1024,695
derive,860,0,114,76,aircraft_fewshot_1_bs_16_00185.jpg,1024,695
cockpit,892,337,80,30,aircraft_fewshot_1_bs_16_00185.jpg,1024,695
cockpit,841,275,61,31,aircraft_fewshot_1_bs_16_00185.jpg,1024,695
cockpit,420,90,46,17,aircraft_fewshot_1_bs_16_00185.jpg,1024,695
cockpit,930,96,20,8,aircraft_fewshot_1_bs_16_00185.jpg,1024,695
porte,259,333,24,55,aircraft_fewshot_1_bs_16_00185.jpg,1024,695
porte,849,337,22,49,aircraft_fewshot_1_bs_16_00185.jpg,1024,695
porte,922,271,22,47,aircraft_fewshot_1_bs_16_00185.jpg,1024,695
porte,958,94,7,17,aircraft_fewshot_1_bs_16_00185.jpg,1024,695
porte,678,124,8,22,aircraft_fewshot_1_bs_16_00185.jpg,1024,695
porte,839,84,12,20,aircraft_fewshot_1_bs_16_00185.jpg,1024,695
porte,160,138,10,29,aircraft_fewshot_1_bs_16_00185.jpg,1024,695
réacteur,571,394,138,67,aircraft_fewshot_1_bs_16_00185.jpg,1024,695
réacteur,254,164,70,27,aircraft_fewshot_1_bs_16_00185.jpg,1024,695
réacteur,999,110,23,18,aircraft_fewshot_1_bs_16_00185.jpg,1024,695
train,502,414,66,52,aircraft_fewshot_1_bs_16_00185.jpg,1024,695
train,869,419,70,51,aircraft_fewshot_1_bs_16_00185.jpg,1024,695
train,569,156,33,15,aircraft_fewshot_1_bs_16_00185.jpg,1024,695
train,331,181,39,18,aircraft_fewshot_1_bs_16_00185.jpg,1024,695
fuselage,90,288,868,141,aircraft_fewshot_1_bs_16_00186.jpg,991,709
derive,57,175,262,163,aircraft_fewshot_1_bs_16_00186.jpg,991,709
cockpit,838,297,83,36,aircraft_fewshot_1_bs_16_00186.jpg,991,709
porte,242,348,34,56,aircraft_fewshot_1_bs_16_00186.jpg,991,709
porte,786,298,34,60,aircraft_fewshot_1_bs_16_00186.jpg,991,709
réacteur,515,369,149,66,aircraft_fewshot_1_bs_16_00186.jpg,991,709
train,470,416,49,47,aircraft_fewshot_1_bs_16_00186.jpg,991,709
train,515,418,32,42,aircraft_fewshot_1_bs_16_00186.jpg,991,709
train,824,383,60,59,aircraft_fewshot_1_bs_16_00186.jpg,991,709
fuselage,52,273,951,250,aircraft_fewshot_1_bs_16_00187.jpg,1024,700
derive,29,21,278,302,aircraft_fewshot_1_bs_16_00187.jpg,1024,700
cockpit,812,292,168,74,aircraft_fewshot_1_bs_16_00187.jpg,1024,700
porte,145,371,22,42,aircraft_fewshot_1_bs_16_00187.jpg,1024,700
porte,732,301,47,109,aircraft_fewshot_1_bs_16_00187.jpg,1024,700
réacteur,275,429,197,107,aircraft_fewshot_1_bs_16_00187.jpg,1024,700
réacteur,780,472,178,87,aircraft_fewshot_1_bs_16_00187.jpg,1024,700
train,320,532,86,85,aircraft_fewshot_1_bs_16_00187.jpg,1024,700
train,578,510,80,121,aircraft_fewshot_1_bs_16_00187.jpg,1024,700
train,821,468,73,110,aircraft_fewshot_1_bs_16_00187.jpg,1024,700
fuselage,47,316,977,151,aircraft_fewshot_1_bs_16_00188.jpg,1024,695
derive,27,116,299,201,aircraft_fewshot_1_bs_16_00188.jpg,1024,695
cockpit,895,355,93,38,aircraft_fewshot_1_bs_16_00188.jpg,1024,695
porte,235,334,26,57,aircraft_fewshot_1_bs_16_00188.jpg,1024,695
porte,854,350,31,59,aircraft_fewshot_1_bs_16_00188.jpg,1024,695
réacteur,575,382,158,61,aircraft_fewshot_1_bs_16_00188.jpg,1024,695
réacteur,559,456,150,57,aircraft_fewshot_1_bs_16_00188.jpg,1024,695
train,512,401,40,79,aircraft_fewshot_1_bs_16_00188.jpg,1024,695
train,504,483,33,39,aircraft_fewshot_1_bs_16_00188.jpg,1024,695
train,876,450,63,59,aircraft_fewshot_1_bs_16_00188.jpg,1024,695
fuselage,107,241,908,175,aircraft_fewshot_1_bs_16_00189.jpg,1024,695
derive,85,166,204,175,aircraft_fewshot_1_bs_16_00189.jpg,1024,695
cockpit,888,247,86,27,aircraft_fewshot_1_bs_16_00189.jpg,1024,695
porte,273,334,29,53,aircraft_fewshot_1_bs_16_00189.jpg,1024,695
porte,839,247,32,54,aircraft_fewshot_1_bs_16_00189.jpg,1024,695
réacteur,548,307,155,67,aircraft_fewshot_1_bs_16_00189.jpg,1024,695
réacteur,628,378,143,62,aircraft_fewshot_1_bs_16_00189.jpg,1024,695
train,517,354,36,81,aircraft_fewshot_1_bs_16_00189.jpg,1024,695
train,564,399,35,62,aircraft_fewshot_1_bs_16_00189.jpg,1024,695
train,880,332,59,65,aircraft_fewshot_1_bs_16_00189.jpg,1024,695
fuselage,174,346,1012,149,aircraft_fewshot_1_bs_16_00190.jpg,1200,812
fuselage,2,385,46,33,aircraft_fewshot_1_bs_16_00190.jpg,1200,812
derive,137,151,237,214,aircraft_fewshot_1_bs_16_00190.jpg,1200,812
cockpit,1064,379,102,40,aircraft_fewshot_1_bs_16_00190.jpg,1200,812
cockpit,27,393,22,9,aircraft_fewshot_1_bs_16_00190.jpg,1200,812
porte,330,377,29,58,aircraft_fewshot_1_bs_16_00190.jpg,1200,812
porte,1012,373,37,64,aircraft_fewshot_1_bs_16_00190.jpg,1200,812
réacteur,671,447,198,79,aircraft_fewshot_1_bs_16_00190.jpg,1200,812
train,619,479,42,59,aircraft_fewshot_1_bs_16_00190.jpg,1200,812
train,1031,476,77,51,aircraft_fewshot_1_bs_16_00190.jpg,1200,812
fuselage,22,312,919,125,aircraft_fewshot_1_bs_16_00240.jpg,1024,694
derive,792,111,146,203,aircraft_fewshot_1_bs_16_00240.jpg,1024,694
cockpit,43,341,90,39,aircraft_fewshot_1_bs_16_00240.jpg,1024,694
porte,158,341,32,57,aircraft_fewshot_1_bs_16_00240.jpg,1024,694
porte,759,334,21,52,aircraft_fewshot_1_bs_16_00240.jpg,1024,694
réacteur,340,398,141,62,aircraft_fewshot_1_bs_16_00240.jpg,1024,694
train,91,425,62,46,aircraft_fewshot_1_bs_16_00240.jpg,1024,694
train,504,415,44,56,aircraft_fewshot_1_bs_16_00240.jpg,1024,694
train,466,419,27,47,aircraft_fewshot_1_bs_16_00240.jpg,1024,694
fuselage,84,477,1404,184,aircraft_fewshot_1_bs_16_00241.jpg,1500,1012
derive,41,160,321,326,aircraft_fewshot_1_bs_16_00241.jpg,1500,1012
cockpit,1342,526,102,50,aircraft_fewshot_1_bs_16_00241.jpg,1500,1012
porte,340,507,35,77,aircraft_fewshot_1_bs_16_00241.jpg,1500,1012
porte,1270,524,37,78,aircraft_fewshot_1_bs_16_00241.jpg,1500,1012
réacteur,821,595,224,94,aircraft_fewshot_1_bs_16_00241.jpg,1500,1012
train,729,619,74,96,aircraft_fewshot_1_bs_16_00241.jpg,1500,1012
train,1283,642,105,71,aircraft_fewshot_1_bs_16_00241.jpg,1500,1012
fuselage,65,284,953,138,aircraft_fewshot_1_bs_16_00242.jpg,1024,695
derive,29,134,221,190,aircraft_fewshot_1_bs_16_00242.jpg,1024,695
cockpit,904,300,66,28,aircraft_fewshot_1_bs_16_00242.jpg,1024,695
porte,245,342,29,48,aircraft_fewshot_1_bs_16_00242.jpg,1024,695
porte,855,300,27,48,aircraft_fewshot_1_bs_16_00242.jpg,1024,695
réacteur,569,357,139,54,aircraft_fewshot_1_bs_16_00242.jpg,1024,695
réacteur,586,413,142,25,aircraft_fewshot_1_bs_16_00242.jpg,1024,695
train,512,384,47,91,aircraft_fewshot_1_bs_16_00242.jpg,1024,695
train,881,379,57,52,aircraft_fewshot_1_bs_16_00242.jpg,1024,695
fuselage,7,322,956,134,aircraft_fewshot_1_bs_16_00243.jpg,1024,695
derive,818,117,152,203,aircraft_fewshot_1_bs_16_00243.jpg,1024,695
cockpit,36,362,98,34,aircraft_fewshot_1_bs_16_00243.jpg,1024,695
porte,143,355,29,47,aircraft_fewshot_1_bs_16_00243.jpg,1024,695
porte,770,330,32,54,aircraft_fewshot_1_bs_16_00243.jpg,1024,695
réacteur,308,365,179,51,aircraft_fewshot_1_bs_16_00243.jpg,1024,695
réacteur,312,458,165,64,aircraft_fewshot_1_bs_16_00243.jpg,1024,695
train,486,390,47,82,aircraft_fewshot_1_bs_16_00243.jpg,1024,695
train,485,471,49,57,aircraft_fewshot_1_bs_16_00243.jpg,1024,695
train,78,448,67,59,aircraft_fewshot_1_bs_16_00243.jpg,1024,695
fuselage,59,257,943,128,aircraft_fewshot_1_bs_16_00244.jpg,1024,695
derive,47,94,210,191,aircraft_fewshot_1_bs_16_00244.jpg,1024,695
cockpit,898,270,74,32,aircraft_fewshot_1_bs_16_00244.jpg,1024,695
porte,245,304,26,47,aircraft_fewshot_1_bs_16_00244.jpg,1024,695
porte,849,269,36,55,aircraft_fewshot_1_bs_16_00244.jpg,1024,695
réacteur,541,323,165,57,aircraft_fewshot_1_bs_16_00244.jpg,1024,695
réacteur,588,378,137,37,aircraft_fewshot_1_bs_16_00244.jpg,1024,695
train,509,367,47,71,aircraft_fewshot_1_bs_16_00244.jpg,1024,695
train,877,352,66,58,aircraft_fewshot_1_bs_16_00244.jpg,1024,695
fuselage,15,270,896,144,aircraft_fewshot_1_bs_16_00245.jpg,1000,678
derive,749,135,187,212,aircraft_fewshot_1_bs_16_00245.jpg,1000,678
cockpit,49,289,69,36,aircraft_fewshot_1_bs_16_00245.jpg,1000,678
porte,137,287,32,58,aircraft_fewshot_1_bs_16_00245.jpg,1000,678
porte,733,342,32,51,aircraft_fewshot_1_bs_16_00245.jpg,1000,678
réacteur,293,362,156,71,aircraft_fewshot_1_bs_16_00245.jpg,1000,678
train,70,369,63,54,aircraft_fewshot_1_bs_16_00245.jpg,1000,678
train,455,397,42,70,aircraft_fewshot_1_bs_16_00245.jpg,1000,678
fuselage,3,320,912,110,aircraft_fewshot_1_bs_16_00246.jpg,1000,678
derive,756,110,196,211,aircraft_fewshot_1_bs_16_00246.jpg,1000,678
cockpit,45,338,70,37,aircraft_fewshot_1_bs_16_00246.jpg,1000,678
porte,147,333,27,57,aircraft_fewshot_1_bs_16_00246.jpg,1000,678
porte,744,330,24,51,aircraft_fewshot_1_bs_16_00246.jpg,1000,678
réacteur,304,386,166,62,aircraft_fewshot_1_bs_16_00246.jpg,1000,678
train,86,419,65,48,aircraft_fewshot_1_bs_16_00246.jpg,1000,678
train,242,428,53,24,aircraft_fewshot_1_bs_16_00246.jpg,1000,678
train,473,426,37,37,aircraft_fewshot_1_bs_16_00246.jpg,1000,678
fuselage,66,311,943,121,aircraft_fewshot_1_bs_16_00247.jpg,1024,683
derive,56,106,234,206,aircraft_fewshot_1_bs_16_00247.jpg,1024,683
cockpit,914,340,62,32,aircraft_fewshot_1_bs_16_00247.jpg,1024,683
porte,242,329,27,52,aircraft_fewshot_1_bs_16_00247.jpg,1024,683
porte,865,338,24,49,aircraft_fewshot_1_bs_16_00247.jpg,1024,683
réacteur,546,379,185,73,aircraft_fewshot_1_bs_16_00247.jpg,1024,683
train,513,428,29,40,aircraft_fewshot_1_bs_16_00247.jpg,1024,683
train,877,423,68,44,aircraft_fewshot_1_bs_16_00247.jpg,1024,683
fuselage,3,252,864,254,aircraft_fewshot_1_bs_16_00248.jpg,1024,695
derive,721,241,228,211,aircraft_fewshot_1_bs_16_00248.jpg,1024,695
cockpit,49,259,85,35,aircraft_fewshot_1_bs_16_00248.jpg,1024,695
porte,157,271,32,61,aircraft_fewshot_1_bs_16_00248.jpg,1024,695
porte,710,425,32,56,aircraft_fewshot_1_bs_16_00248.jpg,1024,695
réacteur,329,375,190,86,aircraft_fewshot_1_bs_16_00248.jpg,1024,695
réacteur,194,398,130,63,aircraft_fewshot_1_bs_16_00248.jpg,1024,695
train,54,345,65,68,aircraft_fewshot_1_bs_16_00248.jpg,1024,695
train,378,454,37,61,aircraft_fewshot_1_bs_16_00248.jpg,1024,695
train,460,453,49,61,aircraft_fewshot_1_bs_16_00248.jpg,1024,695
fuselage,2,377,1196,160,aircraft_fewshot_1_bs_16_00249.jpg,1280,882
derive,1018,128,229,257,aircraft_fewshot_1_bs_16_00249.jpg,1280,882
cockpit,55,406,90,34,aircraft_fewshot_1_bs_16_00249.jpg,1280,882
porte,176,391,40,72,aircraft_fewshot_1_bs_16_00249.jpg,1280,882
porte,963,406,29,65,aircraft_fewshot_1_bs_16_00249.jpg,1280,882
réacteur,396,469,196,97,aircraft_fewshot_1_bs_16_00249.jpg,1280,882
train,96,503,81,70,aircraft_fewshot_1_bs_16_00249.jpg,1280,882
train,598,505,62,92,aircraft_fewshot_1_bs_16_00249.jpg,1280,882
fuselage,99,287,907,121,aircraft_fewshot_1_bs_16_00250.jpg,1024,695
derive,58,69,263,229,aircraft_fewshot_1_bs_16_00250.jpg,1024,695
cockpit,921,316,59,32,aircraft_fewshot_1_bs_16_00250.jpg,1024,695
porte,283,312,26,48,aircraft_fewshot_1_bs_16_00250.jpg,1024,695
porte,886,311,21,51,aircraft_fewshot_1_bs_16_00250.jpg,1024,695
réacteur,639,365,155,66,aircraft_fewshot_1_bs_16_00250.jpg,1024,695
train,495,402,47,42,aircraft_fewshot_1_bs_16_00250.jpg,1024,695
train,554,403,43,46,aircraft_fewshot_1_bs_16_00250.jpg,1024,695
train,883,396,62,43,aircraft_fewshot_1_bs_16_00250.jpg,1024,695
fuselage,7,300,977,103,aircraft_fewshot_1_bs_16_00300.jpg,1024,694
derive,817,158,189,154,aircraft_fewshot_1_bs_16_00300.jpg,1024,694
cockpit,39,310,49,26,aircraft_fewshot_1_bs_16_00300.jpg,1024,694
porte,113,302,23,38,aircraft_fewshot_1_bs_16_00300.jpg,1024,694
porte,818,312,23,45,aircraft_fewshot_1_bs_16_00300.jpg,1024,694
réacteur,360,319,131,47,aircraft_fewshot_1_bs_16_00300.jpg,1024,694
réacteur,364,406,126,49,aircraft_fewshot_1_bs_16_00300.jpg,1024,694
train,59,376,52,47,aircraft_fewshot_1_bs_16_00300.jpg,1024,694
train,495,347,27,60,aircraft_fewshot_1_bs_16_00300.jpg,1024,694
train,495,413,40,47,aircraft_fewshot_1_bs_16_00300.jpg,1024,694
fuselage,17,281,982,187,aircraft_fewshot_1_bs_16_00301.jpg,1100,750
derive,847,238,219,171,aircraft_fewshot_1_bs_16_00301.jpg,1100,750
cockpit,58,289,54,28,aircraft_fewshot_1_bs_16_00301.jpg,1100,750
porte,127,289,37,48,aircraft_fewshot_1_bs_16_00301.jpg,1100,750
porte,829,400,31,47,aircraft_fewshot_1_bs_16_00301.jpg,1100,750
réacteur,353,363,134,76,aircraft_fewshot_1_bs_16_00301.jpg,1100,750
fuselage,12,156,943,370,aircraft_fewshot_1_bs_16_00302.jpg,1024,698
derive,864,163,136,266,aircraft_fewshot_1_bs_16_00302.jpg,1024,698
cockpit,31,170,119,49,aircraft_fewshot_1_bs_16_00302.jpg,1024,698
porte,176,177,37,89,aircraft_fewshot_1_bs_16_00302.jpg,1024,698
porte,855,411,30,74,aircraft_fewshot_1_bs_16_00302.jpg,1024,698
réacteur,184,349,157,103,aircraft_fewshot_1_bs_16_00302.jpg,1024,698
réacteur,509,346,161,105,aircraft_fewshot_1_bs_16_00302.jpg,1024,698
train,52,284,75,90,aircraft_fewshot_1_bs_16_00302.jpg,1024,698
train,382,408,73,101,aircraft_fewshot_1_bs_16_00302.jpg,1024,698
train,577,452,65,66,aircraft_fewshot_1_bs_16_00302.jpg,1024,698
fuselage,17,432,1249,118,aircraft_fewshot_1_bs_16_00303.jpg,1390,939
derive,1073,217,218,220,aircraft_fewshot_1_bs_16_00303.jpg,1390,939
cockpit,54,453,81,38,aircraft_fewshot_1_bs_16_00303.jpg,1390,939
porte,168,442,29,64,aircraft_fewshot_1_bs_16_00303.jpg,1390,939
porte,1081,443,30,68,aircraft_fewshot_1_bs_16_00303.jpg,1390,939
réacteur,509,512,168,61,aircraft_fewshot_1_bs_16_00303.jpg,1390,939
train,94,539,69,53,aircraft_fewshot_1_bs_16_00303.jpg,1390,939
train,687,540,45,55,aircraft_fewshot_1_bs_16_00303.jpg,1390,939
train,650,558,34,38,aircraft_fewshot_1_bs_16_00303.jpg,1390,939
fuselage,24,293,843,104,aircraft_fewshot_1_bs_16_00304.jpg,1000,681
derive,755,169,140,162,aircraft_fewshot_1_bs_16_00304.jpg,1000,681
cockpit,63,305,55,27,aircraft_fewshot_1_bs_16_00304.jpg,1000,681
porte,145,300,26,47,aircraft_fewshot_1_bs_16_00304.jpg,1000,681
porte,763,322,19,46,aircraft_fewshot_1_bs_16_00304.jpg,1000,681
réacteur,398,338,141,54,aircraft_fewshot_1_bs_16_00304.jpg,1000,681
réacteur,299,390,127,36,aircraft_fewshot_1_bs_16_00304.jpg,1000,681
train,85,373,56,45,aircraft_fewshot_1_bs_16_00304.jpg,1000,681
train,445,399,48,45,aircraft_fewshot_1_bs_16_00304.jpg,1000,681
train,510,362,29,67,aircraft_fewshot_1_bs_16_00304.jpg,1000,681
fuselage,2,395,1238,121,aircraft_fewshot_1_bs_16_00305.jpg,1280,882
derive,1069,190,197,215,aircraft_fewshot_1_bs_16_00305.jpg,1280,882
cockpit,41,418,73,27,aircraft_fewshot_1_bs_16_00305.jpg,1280,882
porte,139,405,34,54,aircraft_fewshot_1_bs_16_00305.jpg,1280,882
porte,1020,407,33,61,aircraft_fewshot_1_bs_16_00305.jpg,1280,882
porte,781,414,38,46,aircraft_fewshot_1_bs_16_00305.jpg,1280,882
réacteur,436,442,173,61,aircraft_fewshot_1_bs_16_00305.jpg,1280,882
réacteur,463,517,152,49,aircraft_fewshot_1_bs_16_00305.jpg,1280,882
train,76,500,70,61,aircraft_fewshot_1_bs_16_00305.jpg,1280,882
train,615,463,47,84,aircraft_fewshot_1_bs_16_00305.jpg,1280,882
train,627,549,43,39,aircraft_fewshot_1_bs_16_00305.jpg,1280,882
fuselage,84,301,912,98,aircraft_fewshot_1_bs_16_00306.jpg,1020,647
derive,57,142,216,165,aircraft_fewshot_1_bs_16_00306.jpg,1020,647
cockpit,914,321,49,26,aircraft_fewshot_1_bs_16_00306.jpg,1020,647
porte,211,306,21,41,aircraft_fewshot_1_bs_16_00306.jpg,1020,647
porte,881,318,22,41,aircraft_fewshot_1_bs_16_00306.jpg,1020,647
réacteur,538,331,122,50,aircraft_fewshot_1_bs_16_00306.jpg,1020,647
réacteur,545,394,115,36,aircraft_fewshot_1_bs_16_00306.jpg,1020,647
train,502,358,27,79,aircraft_fewshot_1_bs_16_00306.jpg,1020,647
train,893,389,54,39,aircraft_fewshot_1_bs_16_00306.jpg,1020,647
fuselage,29,294,836,140,aircraft_fewshot_1_bs_16_00307.jpg,1000,738
derive,728,210,174,169,aircraft_fewshot_1_bs_16_00307.jpg,1000,738
cockpit,57,304,68,31,aircraft_fewshot_1_bs_16_00307.jpg,1000,738
porte,145,301,26,43,aircraft_fewshot_1_bs_16_00307.jpg,1000,738
porte,756,363,21,47,aircraft_fewshot_1_bs_16_00307.jpg,1000,738
réacteur,399,355,142,53,aircraft_fewshot_1_bs_16_00307.jpg,1000,738
réacteur,286,402,128,42,aircraft_fewshot_1_bs_16_00307.jpg,1000,738
train,81,369,51,51,aircraft_fewshot_1_bs_16_00307.jpg,1000,738
train,419,415,56,59,aircraft_fewshot_1_bs_16_00307.jpg,1000,738
train,505,387,41,61,aircraft_fewshot_1_bs_16_00307.jpg,1000,738
fuselage,114,370,1154,169,aircraft_fewshot_1_bs_16_00308.jpg,1280,882
derive,134,241,239,196,aircraft_fewshot_1_bs_16_00308.jpg,1280,882
cockpit,1155,380,85,33,aircraft_fewshot_1_bs_16_00308.jpg,1280,882
porte,274,440,34,56,aircraft_fewshot_1_bs_16_00308.jpg,1280,882
porte,487,433,22,37,aircraft_fewshot_1_bs_16_00308.jpg,1280,882
porte,1098,378,35,44,aircraft_fewshot_1_bs_16_00308.jpg,1280,882
réacteur,596,423,196,69,aircraft_fewshot_1_bs_16_00308.jpg,1280,882
réacteur,763,516,161,69,aircraft_fewshot_1_bs_16_00308.jpg,1280,882
train,596,484,43,69,aircraft_fewshot_1_bs_16_00308.jpg,1280,882
train,679,521,55,81,aircraft_fewshot_1_bs_16_00308.jpg,1280,882
train,1128,468,77,67,aircraft_fewshot_1_bs_16_00308.jpg,1280,882
fuselage,57,415,1426,181,aircraft_fewshot_1_bs_16_00309.jpg,1500,1012
derive,35,248,320,240,aircraft_fewshot_1_bs_16_00309.jpg,1500,1012
cockpit,1359,432,86,41,aircraft_fewshot_1_bs_16_00309.jpg,1500,1012
porte,291,505,26,56,aircraft_fewshot_1_bs_16_00309.jpg,1500,1012
porte,1310,440,28,61,aircraft_fewshot_1_bs_16_00309.jpg,1500,1012
réacteur,793,532,206,71,aircraft_fewshot_1_bs_16_00309.jpg,1500,1012
train,741,565,47,86,aircraft_fewshot_1_bs_16_00309.jpg,1500,1012
train,1336,525,82,71,aircraft_fewshot_1_bs_16_00309.jpg,1500,1012
fuselage,24,293,938,174,aircraft_fewshot_1_bs_16_00310.jpg,1100,756
derive,821,221,213,186,aircraft_fewshot_1_bs_16_00310.jpg,1100,756
cockpit,60,303,42,22,aircraft_fewshot_1_bs_16_00310.jpg,1100,756
porte,116,300,33,41,aircraft_fewshot_1_bs_16_00310.jpg,1100,756
porte,787,386,30,51,aircraft_fewshot_1_bs_16_00310.jpg,1100,756
réacteur,300,364,136,60,aircraft_fewshot_1_bs_16_00310.jpg,1100,756
réacteur,401,432,121,37,aircraft_fewshot_1_bs_16_00310.jpg,1100,756
fuselage,32,295,945,106,aircraft_fewshot_1_bs_16_00400.jpg,1024,656
derive,817,161,184,140,aircraft_fewshot_1_bs_16_00400.jpg,1024,656
cockpit,91,303,37,27,aircraft_fewshot_1_bs_16_00400.jpg,1024,656
porte,152,340,22,36,aircraft_fewshot_1_bs_16_00400.jpg,1024,656
porte,238,299,21,30,aircraft_fewshot_1_bs_16_00400.jpg,1024,656
porte,291,340,18,29,aircraft_fewshot_1_bs_16_00400.jpg,1024,656
porte,462,335,16,30,aircraft_fewshot_1_bs_16_00400.jpg,1024,656
porte,606,333,17,29,aircraft_fewshot_1_bs_16_00400.jpg,1024,656
porte,805,332,16,28,aircraft_fewshot_1_bs_16_00400.jpg,1024,656
réacteur,372,387,106,45,aircraft_fewshot_1_bs_16_00400.jpg,1024,656
réacteur,515,386,126,47,aircraft_fewshot_1_bs_16_00400.jpg,1024,656
train,129,393,29,42,aircraft_fewshot_1_bs_16_00400.jpg,1024,656
fuselage,147,179,697,294,aircraft_fewshot_1_bs_16_00401.jpg,900,589
fuselage,767,171,112,29,aircraft_fewshot_1_bs_16_00401.jpg,900,589
fuselage,386,152,74,27,aircraft_fewshot_1_bs_16_00401.jpg,900,589
fuselage,57,149,50,31,aircraft_fewshot_1_bs_16_00401.jpg,900,589
derive,142,63,68,123,aircraft_fewshot_1_bs_16_00401.jpg,900,589
derive,92,131,7,29,aircraft_fewshot_1_bs_16_00401.jpg,900,589
derive,448,139,15,26,aircraft_fewshot_1_bs_16_00401.jpg,900,589
derive,758,160,28,21,aircraft_fewshot_1_bs_16_00401.jpg,900,589
cockpit,621,257,131,51,aircraft_fewshot_1_bs_16_00401.jpg,900,589
porte,396,285,17,49,aircraft_fewshot_1_bs_16_00401.jpg,900,589
porte,454,224,50,54,aircraft_fewshot_1_bs_16_00401.jpg,900,589
porte,535,326,23,56,aircraft_fewshot_1_bs_16_00401.jpg,900,589
porte,286,251,12,39,aircraft_fewshot_1_bs_16_00401.jpg,900,589
porte,222,232,11,37,aircraft_fewshot_1_bs_16_00401.jpg,900,589
réacteur,108,334,88,82,aircraft_fewshot_1_bs_16_00401.jpg,900,589
train,218,334,39,56,aircraft_fewshot_1_bs_16_00401.jpg,900,589
train,261,338,38,25,aircraft_fewshot_1_bs_16_00401.jpg,900,589
train,610,453,43,64,aircraft_fewshot_1_bs_16_00401.jpg,900,589
fuselage,73,303,914,111,aircraft_fewshot_1_bs_16_00402.jpg,1000,679
derive,39,178,210,144,aircraft_fewshot_1_bs_16_00402.jpg,1000,679
cockpit,884,311,58,25,aircraft_fewshot_1_bs_16_00402.jpg,1000,679
porte,229,346,17,32,aircraft_fewshot_1_bs_16_00402.jpg,1000,679
porte,550,350,20,25,aircraft_fewshot_1_bs_16_00402.jpg,1000,679
porte,418,348,17,27,aircraft_fewshot_1_bs_16_00402.jpg,1000,679
porte,714,349,11,28,aircraft_fewshot_1_bs_16_00402.jpg,1000,679
porte,756,309,25,29,aircraft_fewshot_1_bs_16_00402.jpg,1000,679
porte,842,348,13,30,aircraft_fewshot_1_bs_16_00402.jpg,1000,679
réacteur,390,382,93,42,aircraft_fewshot_1_bs_16_00402.jpg,1000,679
réacteur,536,389,98,43,aircraft_fewshot_1_bs_16_00402.jpg,1000,679
train,485,422,110,19,aircraft_fewshot_1_bs_16_00402.jpg,1000,679
train,869,404,27,28,aircraft_fewshot_1_bs_16_00402.jpg,1000,679
fuselage,199,377,1227,198,aircraft_fewshot_1_bs_16_00403.jpg,1445,975
derive,184,214,266,217,aircraft_fewshot_1_bs_16_00403.jpg,1445,975
cockpit,1259,387,88,33,aircraft_fewshot_1_bs_16_00403.jpg,1445,975
porte,1061,381,46,52,aircraft_fewshot_1_bs_16_00403.jpg,1445,975
porte,1168,455,30,48,aircraft_fewshot_1_bs_16_00403.jpg,1445,975
porte,981,453,26,50,aircraft_fewshot_1_bs_16_00403.jpg,1445,975
porte,764,461,22,42,aircraft_fewshot_1_bs_16_00403.jpg,1445,975
porte,593,458,19,41,aircraft_fewshot_1_bs_16_00403.jpg,1445,975
réacteur,300,508,154,63,aircraft_fewshot_1_bs_16_00403.jpg,1445,975
réacteur,620,523,165,70,aircraft_fewshot_1_bs_16_00403.jpg,1445,975
train,687,591,134,42,aircraft_fewshot_1_bs_16_00403.jpg,1445,975
train,857,569,75,56,aircraft_fewshot_1_bs_16_00403.jpg,1445,975
train,1233,553,55,72,aircraft_fewshot_1_bs_16_00403.jpg,1445,975
fuselage,68,225,925,134,aircraft_fewshot_1_bs_16_00404.jpg,1000,678
derive,52,164,188,119,aircraft_fewshot_1_bs_16_00404.jpg,1000,678
cockpit,882,231,47,20,aircraft_fewshot_1_bs_16_00404.jpg,1000,678
porte,223,313,15,28,aircraft_fewshot_1_bs_16_00404.jpg,1000,678
porte,539,289,14,19,aircraft_fewshot_1_bs_16_00404.jpg,1000,678
porte,696,277,19,30,aircraft_fewshot_1_bs_16_00404.jpg,1000,678
porte,750,234,22,28,aircraft_fewshot_1_bs_16_00404.jpg,1000,678
porte,830,270,18,31,aircraft_fewshot_1_bs_16_00404.jpg,1000,678
réacteur,315,292,95,46,aircraft_fewshot_1_bs_16_00404.jpg,1000,678
réacteur,494,316,94,43,aircraft_fewshot_1_bs_16_00404.jpg,1000,678
réacteur,654,348,71,37,aircraft_fewshot_1_bs_16_00404.jpg,1000,678
réacteur,601,352,49,26,aircraft_fewshot_1_bs_16_00404.jpg,1000,678
train,872,330,23,55,aircraft_fewshot_1_bs_16_00404.jpg,1000,678
train,568,361,32,56,aircraft_fewshot_1_bs_16_00404.jpg,1000,678
train,479,365,64,42,aircraft_fewshot_1_bs_16_00404.jpg,1000,678
fuselage,26,286,790,142,aircraft_fewshot_1_bs_16_00405.jpg,1024,695
derive,677,143,165,168,aircraft_fewshot_1_bs_16_00405.jpg,1024,695
cockpit,61,302,69,26,aircraft_fewshot_1_bs_16_00405.jpg,1024,695
porte,172,345,22,38,aircraft_fewshot_1_bs_16_00405.jpg,1024,695
porte,225,293,25,36,aircraft_fewshot_1_bs_16_00405.jpg,1024,695
porte,288,343,20,40,aircraft_fewshot_1_bs_16_00405.jpg,1024,695
porte,427,351,17,33,aircraft_fewshot_1_bs_16_00405.jpg,1024,695
porte,545,351,16,27,aircraft_fewshot_1_bs_16_00405.jpg,1024,695
réacteur,456,393,106,56,aircraft_fewshot_1_bs_16_00405.jpg,1024,695
réacteur,680,376,110,49,aircraft_fewshot_1_bs_16_00405.jpg,1024,695
train,110,417,31,46,aircraft_fewshot_1_bs_16_00405.jpg,1024,695
train,314,424,52,37,aircraft_fewshot_1_bs_16_00405.jpg,1024,695
train,398,443,109,20,aircraft_fewshot_1_bs_16_00405.jpg,1024,695
fuselage,72,229,942,215,aircraft_fewshot_1_bs_16_00406.jpg,1024,694
derive,96,271,179,101,aircraft_fewshot_1_bs_16_00406.jpg,1024,694
cockpit,906,229,54,27,aircraft_fewshot_1_bs_16_00406.jpg,1024,694
porte,239,378,18,41,aircraft_fewshot_1_bs_16_00406.jpg,1024,694
porte,713,286,23,31,aircraft_fewshot_1_bs_16_00406.jpg,1024,694
porte,774,246,22,22,aircraft_fewshot_1_bs_16_00406.jpg,1024,694
porte,853,261,16,32,aircraft_fewshot_1_bs_16_00406.jpg,1024,694
réacteur,302,223,104,54,aircraft_fewshot_1_bs_16_00406.jpg,1024,694
réacteur,491,278,108,57,aircraft_fewshot_1_bs_16_00406.jpg,1024,694
réacteur,677,425,103,56,aircraft_fewshot_1_bs_16_00406.jpg,1024,694
réacteur,618,480,106,50,aircraft_fewshot_1_bs_16_00406.jpg,1024,694
train,487,359,56,86,aircraft_fewshot_1_bs_16_00406.jpg,1024,694
train,518,433,44,35,aircraft_fewshot_1_bs_16_00406.jpg,1024,694
train,587,413,47,76,aircraft_fewshot_1_bs_16_00406.jpg,1024,694
train,889,328,33,59,aircraft_fewshot_1_bs_16_00406.jpg,1024,694
fuselage,3,273,987,138,aircraft_fewshot_1_bs_16_00407.jpg,1024,695
derive,768,186,244,136,aircraft_fewshot_1_bs_16_00407.jpg,1024,695
cockpit,57,274,52,21,aircraft_fewshot_1_bs_16_00407.jpg,1024,695
porte,138,306,15,29,aircraft_fewshot_1_bs_16_00407.jpg,1024,695
porte,214,274,22,24,aircraft_fewshot_1_bs_16_00407.jpg,1024,695
porte,787,337,17,25,aircraft_fewshot_1_bs_16_00407.jpg,1024,695
porte,580,329,19,22,aircraft_fewshot_1_bs_16_00407.jpg,1024,695
réacteur,486,282,117,47,aircraft_fewshot_1_bs_16_00407.jpg,1024,695
réacteur,347,325,117,43,aircraft_fewshot_1_bs_16_00407.jpg,1024,695
réacteur,332,403,106,37,aircraft_fewshot_1_bs_16_00407.jpg,1024,695
train,91,367,36,53,aircraft_fewshot_1_bs_16_00407.jpg,1024,695
train,436,422,34,42,aircraft_fewshot_1_bs_16_00407.jpg,1024,695
train,446,381,37,47,aircraft_fewshot_1_bs_16_00407.jpg,1024,695
train,478,407,49,42,aircraft_fewshot_1_bs_16_00407.jpg,1024,695
fuselage,217,263,571,71,aircraft_fewshot_1_bs_16_00408.jpg,1000,731
derive,667,207,139,87,aircraft_fewshot_1_bs_16_00408.jpg,1000,731
cockpit,253,265,25,17,aircraft_fewshot_1_bs_16_00408.jpg,1000,731
porte,282,280,15,19,aircraft_fewshot_1_bs_16_00408.jpg,1000,731
porte,333,262,12,14,aircraft_fewshot_1_bs_16_00408.jpg,1000,731
porte,535,289,17,16,aircraft_fewshot_1_bs_16_00408.jpg,1000,731
porte,661,293,11,19,aircraft_fewshot_1_bs_16_00408.jpg,1000,731
porte,358,281,15,18,aircraft_fewshot_1_bs_16_00408.jpg,1000,731
réacteur,434,240,70,25,aircraft_fewshot_1_bs_16_00408.jpg,1000,731
réacteur,376,278,64,29,aircraft_fewshot_1_bs_16_00408.jpg,1000,731
réacteur,427,344,61,29,aircraft_fewshot_1_bs_16_00408.jpg,1000,731
réacteur,513,365,74,26,aircraft_fewshot_1_bs_16_00408.jpg,1000,731
train,261,315,24,30,aircraft_fewshot_1_bs_16_00408.jpg,1000,731
train,449,305,19,33,aircraft_fewshot_1_bs_16_00408.jpg,1000,731
train,469,338,20,43,aircraft_fewshot_1_bs_16_00408.jpg,1000,731
train,488,331,23,35,aircraft_fewshot_1_bs_16_00408.jpg,1000,731
fuselage,79,281,775,131,aircraft_fewshot_1_bs_16_00409.jpg,1024,710
derive,666,119,236,174,aircraft_fewshot_1_bs_16_00409.jpg,1024,710
cockpit,120,293,28,17,aircraft_fewshot_1_bs_16_00409.jpg,1024,710
porte,145,330,12,29,aircraft_fewshot_1_bs_16_00409.jpg,1024,710
porte,210,283,25,24,aircraft_fewshot_1_bs_16_00409.jpg,1024,710
porte,359,327,15,34,aircraft_fewshot_1_bs_16_00409.jpg,1024,710
porte,473,326,13,34,aircraft_fewshot_1_bs_16_00409.jpg,1024,710
porte,644,329,17,33,aircraft_fewshot_1_bs_16_00409.jpg,1024,710
réacteur,149,348,80,43,aircraft_fewshot_1_bs_16_00409.jpg,1024,710
réacteur,177,381,81,39,aircraft_fewshot_1_bs_16_00409.jpg,1024,710
réacteur,650,381,103,26,aircraft_fewshot_1_bs_16_00409.jpg,1024,710
train,153,391,23,54,aircraft_fewshot_1_bs_16_00409.jpg,1024,710
train,326,392,32,67,aircraft_fewshot_1_bs_16_00409.jpg,1024,710
train,402,408,41,42,aircraft_fewshot_1_bs_16_00409.jpg,1024,710
train,451,417,56,48,aircraft_fewshot_1_bs_16_00409.jpg,1024,710
fuselage,178,261,863,278,aircraft_fewshot_1_bs_16_00410.jpg,1200,894
derive,118,340,256,144,aircraft_fewshot_1_bs_16_00410.jpg,1200,894
cockpit,954,271,35,29,aircraft_fewshot_1_bs_16_00410.jpg,1200,894
porte,571,431,26,40,aircraft_fewshot_1_bs_16_00410.jpg,1200,894
porte,855,290,37,40,aircraft_fewshot_1_bs_16_00410.jpg,1200,894
réacteur,824,428,93,53,aircraft_fewshot_1_bs_16_00410.jpg,1200,894
train,595,504,88,49,aircraft_fewshot_1_bs_16_00410.jpg,1200,894
train,718,475,44,65,aircraft_fewshot_1_bs_16_00410.jpg,1200,894
train,946,378,36,55,aircraft_fewshot_1_bs_16_00410.jpg,1200,894
fuselage,7,263,965,142,aircraft_fewshot_1_bs_16_00411.jpg,1024,694
derive,759,196,242,146,aircraft_fewshot_1_bs_16_00411.jpg,1024,694
cockpit,66,268,42,23,aircraft_fewshot_1_bs_16_00411.jpg,1024,694
porte,139,303,21,30,aircraft_fewshot_1_bs_16_00411.jpg,1024,694
porte,219,272,17,27,aircraft_fewshot_1_bs_16_00411.jpg,1024,694
porte,273,310,17,30,aircraft_fewshot_1_bs_16_00411.jpg,1024,694
porte,775,345,21,30,aircraft_fewshot_1_bs_16_00411.jpg,1024,694
réacteur,363,324,119,51,aircraft_fewshot_1_bs_16_00411.jpg,1024,694
réacteur,527,289,115,42,aircraft_fewshot_1_bs_16_00411.jpg,1024,694
réacteur,298,401,96,37,aircraft_fewshot_1_bs_16_00411.jpg,1024,694
réacteur,410,414,59,37,aircraft_fewshot_1_bs_16_00411.jpg,1024,694
train,94,362,38,51,aircraft_fewshot_1_bs_16_00411.jpg,1024,694
train,424,421,30,39,aircraft_fewshot_1_bs_16_00411.jpg,1024,694
train,454,385,71,61,aircraft_fewshot_1_bs_16_00411.jpg,1024,694
fuselage,12,206,963,275,aircraft_fewshot_1_bs_16_00412.jpg,1024,695
derive,844,276,157,155,aircraft_fewshot_1_bs_16_00412.jpg,1024,695
cockpit,80,212,46,17,aircraft_fewshot_1_bs_16_00412.jpg,1024,695
porte,167,256,21,31,aircraft_fewshot_1_bs_16_00412.jpg,1024,695
porte,248,239,17,24,aircraft_fewshot_1_bs_16_00412.jpg,1024,695
porte,303,287,20,32,aircraft_fewshot_1_bs_16_00412.jpg,1024,695
porte,800,414,24,37,aircraft_fewshot_1_bs_16_00412.jpg,1024,695
réacteur,445,312,120,59,aircraft_fewshot_1_bs_16_00412.jpg,1024,695
réacteur,658,278,126,62,aircraft_fewshot_1_bs_16_00412.jpg,1024,695
réacteur,231,414,112,55,aircraft_fewshot_1_bs_16_00412.jpg,1024,695
réacteur,278,473,119,45,aircraft_fewshot_1_bs_16_00412.jpg,1024,695
train,99,316,41,66,aircraft_fewshot_1_bs_16_00412.jpg,1024,695
train,396,411,41,86,aircraft_fewshot_1_bs_16_00412.jpg,1024,695
train,462,448,57,45,aircraft_fewshot_1_bs_16_00412.jpg,1024,695
train,493,389,61,81,aircraft_fewshot_1_bs_16_00412.jpg,1024,695
fuselage,160,167,746,312,aircraft_fewshot_1_bs_16_00413.jpg,1024,712
derive,137,72,186,260,aircraft_fewshot_1_bs_16_00413.jpg,1024,712
cockpit,759,179,95,40,aircraft_fewshot_1_bs_16_00413.jpg,1024,712
porte,669,270,24,62,aircraft_fewshot_1_bs_16_00413.jpg,1024,712
porte,618,193,43,61,aircraft_fewshot_1_bs_16_00413.jpg,1024,712
porte,561,294,19,64,aircraft_fewshot_1_bs_16_00413.jpg,1024,712
porte,436,321,22,52,aircraft_fewshot_1_bs_16_00413.jpg,1024,712
porte,334,348,21,31,aircraft_fewshot_1_bs_16_00413.jpg,1024,712
réacteur,189,393,108,94,aircraft_fewshot_1_bs_16_00413.jpg,1024,712
réacteur,890,397,117,88,aircraft_fewshot_1_bs_16_00413.jpg,1024,712
train,339,442,55,136,aircraft_fewshot_1_bs_16_00413.jpg,1024,712
train,411,474,69,89,aircraft_fewshot_1_bs_16_00413.jpg,1024,712
train,519,473,65,96,aircraft_fewshot_1_bs_16_00413.jpg,1024,712
train,658,445,67,130,aircraft_fewshot_1_bs_16_00413.jpg,1024,712
train,772,393,51,107,aircraft_fewshot_1_bs_16_00413.jpg,1024,712
fuselage,5,291,950,123,aircraft_fewshot_1_bs_16_00414.jpg,1000,678
derive,735,190,239,139,aircraft_fewshot_1_bs_16_00414.jpg,1000,678
cockpit,64,297,36,16,aircraft_fewshot_1_bs_16_00414.jpg,1000,678
porte,121,326,16,30,aircraft_fewshot_1_bs_16_00414.jpg,1000,678
porte,202,292,21,28,aircraft_fewshot_1_bs_16_00414.jpg,1000,678
porte,243,330,20,29,aircraft_fewshot_1_bs_16_00414.jpg,1000,678
porte,554,342,18,24,aircraft_fewshot_1_bs_16_00414.jpg,1000,678
porte,756,347,15,28,aircraft_fewshot_1_bs_16_00414.jpg,1000,678
réacteur,423,301,128,42,aircraft_fewshot_1_bs_16_00414.jpg,1000,678
réacteur,296,346,116,39,aircraft_fewshot_1_bs_16_00414.jpg,1000,678
réacteur,330,409,97,38,aircraft_fewshot_1_bs_16_00414.jpg,1000,678
train,91,386,25,51,aircraft_fewshot_1_bs_16_00414.jpg,1000,678
train,418,385,41,80,aircraft_fewshot_1_bs_16_00414.jpg,1000,678
train,457,403,47,48,aircraft_fewshot_1_bs_16_00414.jpg,1000,678
fuselage,64,275,943,126,aircraft_fewshot_1_bs_16_00415.jpg,1024,695
derive,22,199,234,130,aircraft_fewshot_1_bs_16_00415.jpg,1024,695
cockpit,912,276,33,18,aircraft_fewshot_1_bs_16_00415.jpg,1024,695
porte,238,349,21,32,aircraft_fewshot_1_bs_16_00415.jpg,1024,695
porte,576,327,18,13,aircraft_fewshot_1_bs_16_00415.jpg,1024,695
porte,739,317,17,26,aircraft_fewshot_1_bs_16_00415.jpg,1024,695
porte,786,277,17,27,aircraft_fewshot_1_bs_16_00415.jpg,1024,695
porte,869,310,15,28,aircraft_fewshot_1_bs_16_00415.jpg,1024,695
réacteur,441,323,98,40,aircraft_fewshot_1_bs_16_00415.jpg,1024,695
réacteur,584,350,91,37,aircraft_fewshot_1_bs_16_00415.jpg,1024,695
réacteur,606,393,98,27,aircraft_fewshot_1_bs_16_00415.jpg,1024,695
train,510,400,39,47,aircraft_fewshot_1_bs_16_00415.jpg,1024,695
train,555,392,48,57,aircraft_fewshot_1_bs_16_00415.jpg,1024,695
train,895,368,32,47,aircraft_fewshot_1_bs_16_00415.jpg,1024,695
fuselage,30,324,897,93,aircraft_fewshot_1_bs_16_00416.jpg,1024,718
derive,699,209,244,126,aircraft_fewshot_1_bs_16_00416.jpg,1024,718
cockpit,90,330,34,15,aircraft_fewshot_1_bs_16_00416.jpg,1024,718
porte,142,363,18,28,aircraft_fewshot_1_bs_16_00416.jpg,1024,718
porte,225,322,19,26,aircraft_fewshot_1_bs_16_00416.jpg,1024,718
porte,269,361,18,27,aircraft_fewshot_1_bs_16_00416.jpg,1024,718
porte,433,360,15,16,aircraft_fewshot_1_bs_16_00416.jpg,1024,718
porte,758,361,14,23,aircraft_fewshot_1_bs_16_00416.jpg,1024,718
réacteur,465,372,133,44,aircraft_fewshot_1_bs_16_00416.jpg,1024,718
réacteur,325,393,117,45,aircraft_fewshot_1_bs_16_00416.jpg,1024,718
train,125,415,20,28,aircraft_fewshot_1_bs_16_00416.jpg,1024,718
train,436,421,37,35,aircraft_fewshot_1_bs_16_00416.jpg,1024,718
train,475,422,45,34,aircraft_fewshot_1_bs_16_00416.jpg,1024,718
fuselage,9,286,933,103,aircraft_fewshot_1_bs_16_00417.jpg,1000,678
derive,752,171,220,135,aircraft_fewshot_1_bs_16_00417.jpg,1000,678
cockpit,63,291,45,22,aircraft_fewshot_1_bs_16_00417.jpg,1000,678
porte,141,324,18,31,aircraft_fewshot_1_bs_16_00417.jpg,1000,678
porte,222,289,15,27,aircraft_fewshot_1_bs_16_00417.jpg,1000,678
porte,270,327,18,27,aircraft_fewshot_1_bs_16_00417.jpg,1000,678
porte,756,335,19,26,aircraft_fewshot_1_bs_16_00417.jpg,1000,678
réacteur,506,322,113,40,aircraft_fewshot_1_bs_16_00417.jpg,1000,678
réacteur,356,352,110,36,aircraft_fewshot_1_bs_16_00417.jpg,1000,678
réacteur,305,395,107,27,aircraft_fewshot_1_bs_16_00417.jpg,1000,678
train,101,378,32,55,aircraft_fewshot_1_bs_16_00417.jpg,1000,678
train,420,396,36,54,aircraft_fewshot_1_bs_16_00417.jpg,1000,678
train,446,396,75,45,aircraft_fewshot_1_bs_16_00417.jpg,1000,678
fuselage,44,224,697,93,aircraft_fewshot_1_bs_16_00418.jpg,800,480
derive,608,120,157,103,aircraft_fewshot_1_bs_16_00418.jpg,800,480
cockpit,94,224,38,18,aircraft_fewshot_1_bs_16_00418.jpg,800,480
porte,162,257,13,26,aircraft_fewshot_1_bs_16_00418.jpg,800,480
porte,225,218,14,27,aircraft_fewshot_1_bs_16_00418.jpg,800,480
porte,271,255,13,25,aircraft_fewshot_1_bs_16_00418.jpg,800,480
porte,401,253,14,25,aircraft_fewshot_1_bs_16_00418.jpg,800,480
porte,505,251,11,23,aircraft_fewshot_1_bs_16_00418.jpg,800,480
porte,635,249,14,25,aircraft_fewshot_1_bs_16_00418.jpg,800,480
réacteur,364,296,96,35,aircraft_fewshot_1_bs_16_00418.jpg,800,480
réacteur,528,290,96,35,aircraft_fewshot_1_bs_16_00418.jpg,800,480
train,118,308,32,39,aircraft_fewshot_1_bs_16_00418.jpg,800,480
fuselage,7,260,908,197,aircraft_fewshot_1_bs_16_00419.jpg,1024,695
derive,732,232,224,144,aircraft_fewshot_1_bs_16_00419.jpg,1024,695
cockpit,66,269,50,16,aircraft_fewshot_1_bs_16_00419.jpg,1024,695
porte,150,312,22,32,aircraft_fewshot_1_bs_16_00419.jpg,1024,695
porte,226,276,17,30,aircraft_fewshot_1_bs_16_00419.jpg,1024,695
porte,284,326,16,26,aircraft_fewshot_1_bs_16_00419.jpg,1024,695
porte,441,345,22,20,aircraft_fewshot_1_bs_16_00419.jpg,1024,695
réacteur,409,366,114,52,aircraft_fewshot_1_bs_16_00419.jpg,1024,695
réacteur,608,351,111,48,aircraft_fewshot_1_bs_16_00419.jpg,1024,695
réacteur,222,397,92,45,aircraft_fewshot_1_bs_16_00419.jpg,1024,695
train,370,422,45,61,aircraft_fewshot_1_bs_16_00419.jpg,1024,695
train,429,420,95,57,aircraft_fewshot_1_bs_16_00419.jpg,1024,695
train,85,368,42,62,aircraft_fewshot_1_bs_16_00419.jpg,1024,695
fuselage,123,197,700,300,aircraft_fewshot_1_bs_16_00420.jpg,1000,678
derive,688,55,144,282,aircraft_fewshot_1_bs_16_00420.jpg,1000,678
cockpit,155,220,102,27,aircraft_fewshot_1_bs_16_00420.jpg,1000,678
porte,310,293,24,67,aircraft_fewshot_1_bs_16_00420.jpg,1000,678
porte,417,318,23,55,aircraft_fewshot_1_bs_16_00420.jpg,1000,678
réacteur,14,416,111,94,aircraft_fewshot_1_bs_16_00420.jpg,1000,678
réacteur,698,413,123,93,aircraft_fewshot_1_bs_16_00420.jpg,1000,678
train,183,414,54,110,aircraft_fewshot_1_bs_16_00420.jpg,1000,678
train,271,464,78,91,aircraft_fewshot_1_bs_16_00420.jpg,1000,678
train,403,488,85,65,aircraft_fewshot_1_bs_16_00420.jpg,1000,678
train,513,488,77,63,aircraft_fewshot_1_bs_16_00420.jpg,1000,678
train,592,484,76,65,aircraft_fewshot_1_bs_16_00420.jpg,1000,678
fuselage,51,272,958,132,aircraft_fewshot_1_bs_16_00470.jpg,1024,694
derive,27,198,236,132,aircraft_fewshot_1_bs_16_00470.jpg,1024,694
cockpit,938,282,51,23,aircraft_fewshot_1_bs_16_00470.jpg,1024,694
porte,209,330,20,42,aircraft_fewshot_1_bs_16_00470.jpg,1024,694
porte,379,323,17,34,aircraft_fewshot_1_bs_16_00470.jpg,1024,694
porte,698,290,23,37,aircraft_fewshot_1_bs_16_00470.jpg,1024,694
porte,894,278,20,34,aircraft_fewshot_1_bs_16_00470.jpg,1024,694
réacteur,514,319,132,50,aircraft_fewshot_1_bs_16_00470.jpg,1024,694
réacteur,565,373,114,56,aircraft_fewshot_1_bs_16_00470.jpg,1024,694
train,470,386,52,45,aircraft_fewshot_1_bs_16_00470.jpg,1024,694
train,500,394,52,64,aircraft_fewshot_1_bs_16_00470.jpg,1024,694
train,873,345,40,63,aircraft_fewshot_1_bs_16_00470.jpg,1024,694
fuselage,19,305,971,101,aircraft_fewshot_1_bs_16_00471.jpg,1000,678
derive,11,176,200,148,aircraft_fewshot_1_bs_16_00471.jpg,1000,678
cockpit,918,326,52,18,aircraft_fewshot_1_bs_16_00471.jpg,1000,678
porte,188,327,23,41,aircraft_fewshot_1_bs_16_00471.jpg,1000,678
porte,361,332,19,30,aircraft_fewshot_1_bs_16_00471.jpg,1000,678
porte,684,317,22,38,aircraft_fewshot_1_bs_16_00471.jpg,1000,678
porte,876,316,21,34,aircraft_fewshot_1_bs_16_00471.jpg,1000,678
réacteur,498,350,140,54,aircraft_fewshot_1_bs_16_00471.jpg,1000,678
réacteur,544,386,123,46,aircraft_fewshot_1_bs_16_00471.jpg,1000,678
train,459,383,67,81,aircraft_fewshot_1_bs_16_00471.jpg,1000,678
train,853,380,45,62,aircraft_fewshot_1_bs_16_00471.jpg,1000,678
fuselage,7,257,940,179,aircraft_fewshot_1_bs_16_00472.jpg,1024,695
derive,754,215,199,157,aircraft_fewshot_1_bs_16_00472.jpg,1024,695
cockpit,26,271,67,22,aircraft_fewshot_1_bs_16_00472.jpg,1024,695
porte,121,266,19,40,aircraft_fewshot_1_bs_16_00472.jpg,1024,695
porte,304,291,17,38,aircraft_fewshot_1_bs_16_00472.jpg,1024,695
porte,625,346,19,23,aircraft_fewshot_1_bs_16_00472.jpg,1024,695
porte,782,359,19,38,aircraft_fewshot_1_bs_16_00472.jpg,1024,695
réacteur,404,325,145,62,aircraft_fewshot_1_bs_16_00472.jpg,1024,695
réacteur,281,377,130,66,aircraft_fewshot_1_bs_16_00472.jpg,1024,695
train,103,336,46,76,aircraft_fewshot_1_bs_16_00472.jpg,1024,695
train,434,404,63,73,aircraft_fewshot_1_bs_16_00472.jpg,1024,695
train,508,390,59,62,aircraft_fewshot_1_bs_16_00472.jpg,1024,695
fuselage,45,313,945,81,aircraft_fewshot_1_bs_16_00473.jpg,1000,678
derive,37,173,196,157,aircraft_fewshot_1_bs_16_00473.jpg,1000,678
cockpit,919,330,55,16,aircraft_fewshot_1_bs_16_00473.jpg,1000,678
porte,198,323,25,40,aircraft_fewshot_1_bs_16_00473.jpg,1000,678
porte,682,316,25,38,aircraft_fewshot_1_bs_16_00473.jpg,1000,678
porte,872,321,22,36,aircraft_fewshot_1_bs_16_00473.jpg,1000,678
réacteur,480,348,139,54,aircraft_fewshot_1_bs_16_00473.jpg,1000,678
réacteur,561,394,137,46,aircraft_fewshot_1_bs_16_00473.jpg,1000,678
train,448,394,50,52,aircraft_fewshot_1_bs_16_00473.jpg,1000,678
train,490,400,54,67,aircraft_fewshot_1_bs_16_00473.jpg,1000,678
train,857,383,41,65,aircraft_fewshot_1_bs_16_00473.jpg,1000,678
fuselage,8,302,941,79,aircraft_fewshot_1_bs_16_00474.jpg,1000,678
derive,767,151,213,169,aircraft_fewshot_1_bs_16_00474.jpg,1000,678
cockpit,30,328,61,18,aircraft_fewshot_1_bs_16_00474.jpg,1000,678
porte,117,314,14,42,aircraft_fewshot_1_bs_16_00474.jpg,1000,678
porte,301,315,18,41,aircraft_fewshot_1_bs_16_00474.jpg,1000,678
porte,791,316,15,37,aircraft_fewshot_1_bs_16_00474.jpg,1000,678
réacteur,389,363,138,53,aircraft_fewshot_1_bs_16_00474.jpg,1000,678
réacteur,320,376,75,42,aircraft_fewshot_1_bs_16_00474.jpg,1000,678
train,109,384,33,56,aircraft_fewshot_1_bs_16_00474.jpg,1000,678
train,469,416,88,22,aircraft_fewshot_1_bs_16_00474.jpg,1000,678
fuselage,27,290,882,84,aircraft_fewshot_1_bs_16_00475.jpg,1000,691
derive,767,137,133,166,aircraft_fewshot_1_bs_16_00475.jpg,1000,691
cockpit,54,314,65,23,aircraft_fewshot_1_bs_16_00475.jpg,1000,691
porte,143,301,20,49,aircraft_fewshot_1_bs_16_00475.jpg,1000,691
porte,316,299,21,46,aircraft_fewshot_1_bs_16_00475.jpg,1000,691
porte,766,299,21,43,aircraft_fewshot_1_bs_16_00475.jpg,1000,691
réacteur,423,348,140,56,aircraft_fewshot_1_bs_16_00475.jpg,1000,691
réacteur,282,373,119,38,aircraft_fewshot_1_bs_16_00475.jpg,1000,691
train,436,404,48,21,aircraft_fewshot_1_bs_16_00475.jpg,1000,691
train,518,404,49,23,aircraft_fewshot_1_bs_16_00475.jpg,1000,691
train,139,378,24,54,aircraft_fewshot_1_bs_16_00475.jpg,1000,691
fuselage,12,333,987,145,aircraft_fewshot_1_bs_16_00476.jpg,1024,695
derive,825,102,165,234,aircraft_fewshot_1_bs_16_00476.jpg,1024,695
cockpit,20,385,130,39,aircraft_fewshot_1_bs_16_00476.jpg,1024,695
porte,175,357,42,82,aircraft_fewshot_1_bs_16_00476.jpg,1024,695
porte,396,354,33,72,aircraft_fewshot_1_bs_16_00476.jpg,1024,695
porte,737,360,22,51,aircraft_fewshot_1_bs_16_00476.jpg,1024,695
porte,879,345,28,58,aircraft_fewshot_1_bs_16_00476.jpg,1024,695
réacteur,583,437,189,87,aircraft_fewshot_1_bs_16_00476.jpg,1024,695
réacteur,233,478,160,44,aircraft_fewshot_1_bs_16_00476.jpg,1024,695
train,130,483,67,94,aircraft_fewshot_1_bs_16_00476.jpg,1024,695
train,446,482,82,64,aircraft_fewshot_1_bs_16_00476.jpg,1024,695
train,648,519,100,29,aircraft_fewshot_1_bs_16_00476.jpg,1024,695
fuselage,84,306,909,97,aircraft_fewshot_1_bs_16_00477.jpg,1024,700
fuselage,0,224,57,22,aircraft_fewshot_1_bs_16_00477.jpg,1024,700
derive,81,168,183,142,aircraft_fewshot_1_bs_16_00477.jpg,1024,700
cockpit,918,339,57,22,aircraft_fewshot_1_bs_16_00477.jpg,1024,700
porte,240,316,22,42,aircraft_fewshot_1_bs_16_00477.jpg,1024,700
porte,397,329,18,30,aircraft_fewshot_1_bs_16_00477.jpg,1024,700
porte,698,322,22,44,aircraft_fewshot_1_bs_16_00477.jpg,1024,700
porte,878,333,21,35,aircraft_fewshot_1_bs_16_00477.jpg,1024,700
réacteur,524,367,121,57,aircraft_fewshot_1_bs_16_00477.jpg,1024,700
train,855,395,35,42,aircraft_fewshot_1_bs_16_00477.jpg,1024,700
fuselage,0,359,237,60,aircraft_fewshot_1_bs_16_00478.jpg,1003,659
fuselage,90,314,894,77,aircraft_fewshot_1_bs_16_00478.jpg,1003,659
derive,74,191,160,135,aircraft_fewshot_1_bs_16_00478.jpg,1003,659
cockpit,895,326,64,30,aircraft_fewshot_1_bs_16_00478.jpg,1003,659
porte,159,373,14,26,aircraft_fewshot_1_bs_16_00478.jpg,1003,659
porte,208,329,19,40,aircraft_fewshot_1_bs_16_00478.jpg,1003,659
porte,649,321,32,42,aircraft_fewshot_1_bs_16_00478.jpg,1003,659
porte,856,318,23,43,aircraft_fewshot_1_bs_16_00478.jpg,1003,659
réacteur,475,362,110,65,aircraft_fewshot_1_bs_16_00478.jpg,1003,659
réacteur,0,398,50,28,aircraft_fewshot_1_bs_16_00478.jpg,1003,659
réacteur,598,393,78,33,aircraft_fewshot_1_bs_16_00478.jpg,1003,659
train,426,419,54,28,aircraft_fewshot_1_bs_16_00478.jpg,1003,659
train,489,425,55,21,aircraft_fewshot_1_bs_16_00478.jpg,1003,659
train,834,387,30,58,aircraft_fewshot_1_bs_16_00478.jpg,1003,659
train,170,409,37,26,aircraft_fewshot_1_bs_16_00478.jpg,1003,659
fuselage,57,291,955,113,aircraft_fewshot_1_bs_16_00479.jpg,1024,695
derive,53,183,187,146,aircraft_fewshot_1_bs_16_00479.jpg,1024,695
cockpit,934,307,59,19,aircraft_fewshot_1_bs_16_00479.jpg,1024,695
porte,214,334,20,43,aircraft_fewshot_1_bs_16_00479.jpg,1024,695
porte,696,306,25,40,aircraft_fewshot_1_bs_16_00479.jpg,1024,695
porte,888,299,24,40,aircraft_fewshot_1_bs_16_00479.jpg,1024,695
réacteur,490,344,127,52,aircraft_fewshot_1_bs_16_00479.jpg,1024,695
réacteur,594,389,130,50,aircraft_fewshot_1_bs_16_00479.jpg,1024,695
train,454,384,53,66,aircraft_fewshot_1_bs_16_00479.jpg,1024,695
train,513,401,62,67,aircraft_fewshot_1_bs_16_00479.jpg,1024,695
train,877,368,43,66,aircraft_fewshot_1_bs_16_00479.jpg,1024,695
fuselage,50,233,716,63,aircraft_fewshot_1_bs_16_00480.jpg,800,436
derive,42,119,156,117,aircraft_fewshot_1_bs_16_00480.jpg,800,436
cockpit,723,250,34,16,aircraft_fewshot_1_bs_16_00480.jpg,800,436
porte,182,243,17,31,aircraft_fewshot_1_bs_16_00480.jpg,800,436
porte,315,248,16,25,aircraft_fewshot_1_bs_16_00480.jpg,800,436
porte,559,240,14,34,aircraft_fewshot_1_bs_16_00480.jpg,800,436
porte,696,246,14,27,aircraft_fewshot_1_bs_16_00480.jpg,800,436
réacteur,447,282,100,40,aircraft_fewshot_1_bs_16_00480.jpg,800,436
train,377,301,56,29,aircraft_fewshot_1_bs_16_00480.jpg,800,436
train,669,294,34,34,aircraft_fewshot_1_bs_16_00480.jpg,800,436
fuselage,26,296,988,89,aircraft_fewshot_1_bs_16_00490.jpg,1024,695
derive,22,148,194,154,aircraft_fewshot_1_bs_16_00490.jpg,1024,695
cockpit,934,320,65,30,aircraft_fewshot_1_bs_16_00490.jpg,1024,695
porte,196,311,22,42,aircraft_fewshot_1_bs_16_00490.jpg,1024,695
porte,695,310,22,42,aircraft_fewshot_1_bs_16_00490.jpg,1024,695
porte,894,318,22,36,aircraft_fewshot_1_bs_16_00490.jpg,1024,695
réacteur,505,362,128,49,aircraft_fewshot_1_bs_16_00490.jpg,1024,695
réacteur,633,384,66,24,aircraft_fewshot_1_bs_16_00490.jpg,1024,695
train,458,402,79,30,aircraft_fewshot_1_bs_16_00490.jpg,1024,695
train,874,382,41,50,aircraft_fewshot_1_bs_16_00490.jpg,1024,695
fuselage,56,386,1074,112,aircraft_fewshot_1_bs_16_00491.jpg,1200,818
fuselage,0,319,208,66,aircraft_fewshot_1_bs_16_00491.jpg,1200,818
fuselage,2,226,154,70,aircraft_fewshot_1_bs_16_00491.jpg,1200,818
fuselage,692,185,259,40,aircraft_fewshot_1_bs_16_00491.jpg,1200,818
fuselage,764,166,122,28,aircraft_fewshot_1_bs_16_00491.jpg,1200,818
fuselage,847,147,162,25,aircraft_fewshot_1_bs_16_00491.jpg,1200,818
derive,3,127,28,47,aircraft_fewshot_1_bs_16_00491.jpg,1200,818
derive,51,104,97,124,aircraft_fewshot_1_bs_16_00491.jpg,1200,818
derive,84,202,132,114,aircraft_fewshot_1_bs_16_00491.jpg,1200,818
derive,942,226,226,186,aircraft_fewshot_1_bs_16_00491.jpg,1200,818
derive,667,152,64,41,aircraft_fewshot_1_bs_16_00491.jpg,1200,818
cockpit,84,413,44,27,aircraft_fewshot_1_bs_16_00491.jpg,1200,818
cockpit,920,192,24,12,aircraft_fewshot_1_bs_16_00491.jpg,1200,818
porte,149,401,26,52,aircraft_fewshot_1_bs_16_00491.jpg,1200,818
porte,30,334,19,37,aircraft_fewshot_1_bs_16_00491.jpg,1200,818
porte,9,243,19,32,aircraft_fewshot_1_bs_16_00491.jpg,1200,818
porte,724,423,18,38,aircraft_fewshot_1_bs_16_00491.jpg,1200,818
porte,925,413,20,44,aircraft_fewshot_1_bs_16_00491.jpg,1200,818
porte,355,403,23,52,aircraft_fewshot_1_bs_16_00491.jpg,1200,818
réacteur,384,472,148,55,aircraft_fewshot_1_bs_16_00491.jpg,1200,818
réacteur,17,184,162,40,aircraft_fewshot_1_bs_16_00491.jpg,1200,818
train,169,475,40,62,aircraft_fewshot_1_bs_16_00491.jpg,1200,818
train,558,494,46,50,aircraft_fewshot_1_bs_16_00491.jpg,1200,818
train,607,495,65,43,aircraft_fewshot_1_bs_16_00491.jpg,1200,818
fuselage,18,291,982,96,aircraft_fewshot_1_bs_16_00492.jpg,1024,695
derive,802,160,206,154,aircraft_fewshot_1_bs_16_00492.jpg,1024,695
cockpit,33,308,60,27,aircraft_fewshot_1_bs_16_00492.jpg,1024,695
porte,116,299,22,40,aircraft_fewshot_1_bs_16_00492.jpg,1024,695
porte,308,303,17,37,aircraft_fewshot_1_bs_16_00492.jpg,1024,695
porte,642,320,15,28,aircraft_fewshot_1_bs_16_00492.jpg,1024,695
porte,810,314,22,40,aircraft_fewshot_1_bs_16_00492.jpg,1024,695
réacteur,377,322,142,52,aircraft_fewshot_1_bs_16_00492.jpg,1024,695
réacteur,362,389,128,46,aircraft_fewshot_1_bs_16_00492.jpg,1024,695
train,123,365,31,68,aircraft_fewshot_1_bs_16_00492.jpg,1024,695
train,497,429,58,25,aircraft_fewshot_1_bs_16_00492.jpg,1024,695
train,501,388,52,40,aircraft_fewshot_1_bs_16_00492.jpg,1024,695
fuselage,32,304,984,190,aircraft_fewshot_1_bs_16_00493.jpg,1024,680
fuselage,466,318,558,239,aircraft_fewshot_1_bs_16_00493.jpg,1024,680
fuselage,84,109,104,76,aircraft_fewshot_1_bs_16_00493.jpg,1024,680
derive,79,80,26,52,aircraft_fewshot_1_bs_16_00493.jpg,1024,680
cockpit,71,364,129,44,aircraft_fewshot_1_bs_16_00493.jpg,1024,680
cockpit,533,398,149,58,aircraft_fewshot_1_bs_16_00493.jpg,1024,680
cockpit,160,135,26,27,aircraft_fewshot_1_bs_16_00493.jpg,1024,680
porte,263,332,45,99,aircraft_fewshot_1_bs_16_00493.jpg,1024,680
porte,770,357,51,118,aircraft_fewshot_1_bs_16_00493.jpg,1024,680
porte,679,325,41,22,aircraft_fewshot_1_bs_16_00493.jpg,1024,680
train,246,488,81,123,aircraft_fewshot_1_bs_16_00493.jpg,1024,680
train,756,557,82,115,aircraft_fewshot_1_bs_16_00493.jpg,1024,680
fuselage,12,445,1479,212,aircraft_fewshot_1_bs_16_00494.jpg,1600,1079
derive,1232,296,271,260,aircraft_fewshot_1_bs_16_00494.jpg,1600,1079
cockpit,35,471,97,40,aircraft_fewshot_1_bs_16_00494.jpg,1600,1079
porte,147,469,27,42,aircraft_fewshot_1_bs_16_00494.jpg,1600,1079
réacteur,623,545,205,78,aircraft_fewshot_1_bs_16_00494.jpg,1600,1079
réacteur,460,597,204,83,aircraft_fewshot_1_bs_16_00494.jpg,1600,1079
train,699,628,77,96,aircraft_fewshot_1_bs_16_00494.jpg,1600,1079
train,796,625,87,82,aircraft_fewshot_1_bs_16_00494.jpg,1600,1079
train,156,575,52,104,aircraft_fewshot_1_bs_16_00494.jpg,1600,1079
fuselage,9,361,1094,130,aircraft_fewshot_1_bs_16_00495.jpg,1200,832
derive,925,196,202,189,aircraft_fewshot_1_bs_16_00495.jpg,1200,832
cockpit,32,392,69,25,aircraft_fewshot_1_bs_16_00495.jpg,1200,832
porte,142,378,21,49,aircraft_fewshot_1_bs_16_00495.jpg,1200,832
porte,357,381,29,53,aircraft_fewshot_1_bs_16_00495.jpg,1200,832
porte,919,389,21,46,aircraft_fewshot_1_bs_16_00495.jpg,1200,832
réacteur,455,433,168,73,aircraft_fewshot_1_bs_16_00495.jpg,1200,832
réacteur,361,465,96,47,aircraft_fewshot_1_bs_16_00495.jpg,1200,832
train,128,464,47,69,aircraft_fewshot_1_bs_16_00495.jpg,1200,832
train,535,501,63,32,aircraft_fewshot_1_bs_16_00495.jpg,1200,832
train,598,502,79,36,aircraft_fewshot_1_bs_16_00495.jpg,1200,832
fuselage,108,366,1077,112,aircraft_fewshot_1_bs_16_00496.jpg,1200,832
derive,117,221,200,167,aircraft_fewshot_1_bs_16_00496.jpg,1200,832
cockpit,1074,397,82,30,aircraft_fewshot_1_bs_16_00496.jpg,1200,832
porte,250,391,24,45,aircraft_fewshot_1_bs_16_00496.jpg,1200,832
porte,769,382,30,51,aircraft_fewshot_1_bs_16_00496.jpg,1200,832
porte,1014,382,23,50,aircraft_fewshot_1_bs_16_00496.jpg,1200,832
réacteur,517,437,144,80,aircraft_fewshot_1_bs_16_00496.jpg,1200,832
réacteur,677,476,157,38,aircraft_fewshot_1_bs_16_00496.jpg,1200,832
train,482,497,67,43,aircraft_fewshot_1_bs_16_00496.jpg,1200,832
train,573,512,70,20,aircraft_fewshot_1_bs_16_00496.jpg,1200,832
train,995,473,51,77,aircraft_fewshot_1_bs_16_00496.jpg,1200,832
fuselage,5,459,1309,127,aircraft_fewshot_1_bs_16_00497.jpg,1500,1012
derive,1124,294,212,195,aircraft_fewshot_1_bs_16_00497.jpg,1500,1012
cockpit,40,488,75,37,aircraft_fewshot_1_bs_16_00497.jpg,1500,1012
porte,157,469,43,72,aircraft_fewshot_1_bs_16_00497.jpg,1500,1012
porte,465,479,35,62,aircraft_fewshot_1_bs_16_00497.jpg,1500,1012
porte,1148,481,19,58,aircraft_fewshot_1_bs_16_00497.jpg,1500,1012
réacteur,583,539,257,86,aircraft_fewshot_1_bs_16_00497.jpg,1500,1012
train,172,582,68,79,aircraft_fewshot_1_bs_16_00497.jpg,1500,1012
train,782,623,67,38,aircraft_fewshot_1_bs_16_00497.jpg,1500,1012
train,722,620,61,28,aircraft_fewshot_1_bs_16_00497.jpg,1500,1012
fuselage,7,368,1147,119,aircraft_fewshot_1_bs_16_00498.jpg,1200,812
derive,915,193,258,188,aircraft_fewshot_1_bs_16_00498.jpg,1200,812
cockpit,35,398,54,26,aircraft_fewshot_1_bs_16_00498.jpg,1200,812
porte,124,384,23,53,aircraft_fewshot_1_bs_16_00498.jpg,1200,812
porte,347,387,25,50,aircraft_fewshot_1_bs_16_00498.jpg,1200,812
porte,944,381,23,56,aircraft_fewshot_1_bs_16_00498.jpg,1200,812
réacteur,432,449,146,72,aircraft_fewshot_1_bs_16_00498.jpg,1200,812
train,121,466,51,59,aircraft_fewshot_1_bs_16_00498.jpg,1200,812
train,577,462,81,76,aircraft_fewshot_1_bs_16_00498.jpg,1200,812
fuselage,45,350,947,93,aircraft_fewshot_1_bs_16_00499.jpg,1024,726
derive,40,206,203,148,aircraft_fewshot_1_bs_16_00499.jpg,1024,726
cockpit,921,381,43,19,aircraft_fewshot_1_bs_16_00499.jpg,1024,726
porte,213,356,16,39,aircraft_fewshot_1_bs_16_00499.jpg,1024,726
porte,381,369,17,31,aircraft_fewshot_1_bs_16_00499.jpg,1024,726
porte,699,363,18,40,aircraft_fewshot_1_bs_16_00499.jpg,1024,726
porte,881,370,20,36,aircraft_fewshot_1_bs_16_00499.jpg,1024,726
réacteur,540,386,119,47,aircraft_fewshot_1_bs_16_00499.jpg,1024,726
réacteur,531,437,110,42,aircraft_fewshot_1_bs_16_00499.jpg,1024,726
train,474,430,53,70,aircraft_fewshot_1_bs_16_00499.jpg,1024,726
train,853,430,42,62,aircraft_fewshot_1_bs_16_00499.jpg,1024,726